id,is_boundary,x,y,vx,vy,rho,p,m
0,0,-0.014766155831925264,-0.014822437615937063,-31.512008814845075,-31.567368818951689,441.80591620973456,0,0.40000000000000002
1,0,0.074493535588240983,0.047456801194113891,10.752802542132594,4.0407204543490174,1042.9128469790915,954749.25488347735,0.40000000000000002
2,0,0.09496989636881982,0.060020386521854797,4.7657006407652132,-1.3556232742061467,979.93369171421841,0,0.40000000000000002
3,0,0.11817078795020135,0.053731320425361322,4.9286089968114846,-4.5376477947351628,1017.6505396525305,362375.46433805057,0.40000000000000002
4,0,0.13809524116957275,0.058429197749862181,3.8245224950524297,-2.6050248999151324,973.80399856198937,0,0.40000000000000002
5,0,0.16261146113542599,0.057491784979194244,6.9803911136300947,-1.8380750716785135,956.19833371808477,0,0.40000000000000002
6,0,0.18267232027330446,0.060129446960698434,5.5300205858334275,-1.3676391412205051,970.66927324294898,0,0.40000000000000002
7,0,0.2052796966271267,0.058567085691958697,8.4743441119035072,-1.2433861590265636,956.19392913913271,0,0.40000000000000002
8,0,0.22640160690458175,0.061358342370958989,8.477336078502324,-0.092635334080254428,979.00554891252079,0,0.40000000000000002
9,0,0.24790577815507686,0.059646301799535853,9.9353420287165211,-0.41277860570707958,982.94173146392359,0,0.40000000000000002
10,0,0.26853834299798707,0.062381017767818792,9.5737598429283182,1.2466703262871555,997.69883228438573,0,0.40000000000000002
11,0,0.28981721794241805,0.059960557684579079,10.038222027947345,0.92222817474678787,975.08404732373583,0,0.40000000000000002
12,0,0.3108246030422861,0.06152832937591407,12.788638645671915,2.2295931582849264,1005.6066166481421,132434.45124692167,0.40000000000000002
13,0,0.32917036687294865,0.062369807723112951,12.515953637408019,3.5266100600013779,869.90968843651672,0,0.40000000000000002
14,0,0.36645965320125024,0.065018095241860502,14.403088621457481,5.0553120345651514,792.0733050980806,0,0.40000000000000002
15,0,0.39851902253397053,0.056059483291390454,18.993627705192928,2.3073077293260558,702.11426228460152,0,0.40000000000000002
16,0,0.047844939481578544,0.073642642612296347,4.78510608580177,9.8458673637466845,1046.6888719300516,1032833.8977957002,0.40000000000000002
17,0,0.082464832267914068,0.081626689957571122,8.0952695204863403,7.3041502155242339,1017.3930564667743,329822.56395531731,0.40000000000000002
18,0,0.094447715627599876,0.075015322757105818,3.0972040632940052,1.2923232433968883,989.51811535937111,0,0.40000000000000002
19,0,0.12230205893444134,0.078929310520457194,5.9857891200963005,1.8321933583610166,1006.9037101898812,143490.50706929967,0.40000000000000002
20,0,0.13851922137012715,0.078548308118784438,4.649125261437721,2.0807849214880281,998.85737789961047,0,0.40000000000000002
21,0,0.16276995159851551,0.079564734612488183,6.5524277241701814,1.5566883487894567,991.95234728772743,0,0.40000000000000002
22,0,0.18142710006208682,0.079346649000725508,4.9043017162645164,1.5343788895259816,1006.2814529728013,136620.66725948395,0.40000000000000002
23,0,0.20407785279715845,0.079296032076808076,8.2298288357227616,1.6091821198692031,967.56078875522223,0,0.40000000000000002
24,0,0.2242342473709705,0.079049942470986109,6.7455384576101887,1.2071177393065529,1007.9060228128722,167263.65118058765,0.40000000000000002
25,0,0.24549369463554779,0.078782063033148123,9.0048539182605332,0.94832204004759446,981.7317205286497,0,0.40000000000000002
26,0,0.26678915710691076,0.078511644065326278,8.5135443248264089,0.64208566042606308,1008.5222012030341,184355.02643687098,0.40000000000000002
27,0,0.28749402946017516,0.07924461862163551,10.119646866304985,1.1574323420171433,988.1348554681399,0,0.40000000000000002
28,0,0.30950782643094021,0.078773882696692013,10.405488557753866,0.66279219700630354,1003.1207198955159,75613.364964981549,0.40000000000000002
29,0,0.33075561681936849,0.081997582449620673,12.004638691709374,0.50444351263067222,991.04270956180949,0,0.40000000000000002
30,0,0.35455673821136091,0.080519768094227909,10.473889986133607,0.45836757920655025,918.88292574820719,0,0.40000000000000002
31,0,0.37812724482300059,0.078422092331950896,12.335000128152492,2.3180146094193415,901.61072048600045,0,0.40000000000000002
32,0,0.060809523664266042,0.09220146020325902,0.081172604083485811,1.5611108111339429,977.08341744074596,0,0.40000000000000002
33,0,0.076275367585062107,0.092162437980452455,2.6043948644881443,0.67889701464860863,996.97579934118335,0,0.40000000000000002
34,0,0.10454122167817456,0.10124160035266425,5.495962700619442,1.6466456115272941,929.01888339482014,0,0.40000000000000002
35,0,0.11863882073534249,0.092074382035815042,3.7992339477146606,-3.3247205487340135,1006.3720381838801,111015.54853763001,0.40000000000000002
36,0,0.14170974430098635,0.098337215249580029,5.2181901129429829,-1.0434503903973047,979.32391883773084,0,0.40000000000000002
37,0,0.16156767979865994,0.09561222240268176,5.8292167107901971,-2.8780811960049073,1005.8737453120057,121180.98535494519,0.40000000000000002
38,0,0.18244241094222949,0.097982381157708881,5.7163635470157708,-1.3067351864675651,990.28268683441695,0,0.40000000000000002
39,0,0.20485479486944294,0.09774332552254858,8.4498174878226493,-1.1607573261078574,985.1903064206374,0,0.40000000000000002
40,0,0.22516499505751494,0.098544039243171844,7.4016328858426634,-1.0644156030030705,997.28505093084459,0,0.40000000000000002
41,0,0.2476247561292711,0.098602011912521839,10.088933055063807,0.026048034567092718,984.31600132509868,0,0.40000000000000002
42,0,0.26853926430921099,0.099573805040303207,9.5898142039268244,0.15596967614378071,998.35535430020991,0,0.40000000000000002
43,0,0.29112421495383395,0.097911484961320475,12.013524389024349,0.34298752905267726,997.03359065724396,0,0.40000000000000002
44,0,0.31249799009277668,0.099909713564332134,11.66982016942643,1.5585501932093646,1002.0271772060842,42410.669409002781,0.40000000000000002
45,0,0.33591770257134979,0.095446832556078526,14.66932532153699,-0.3169350474499204,1002.2651060853349,49379.408736562022,0.40000000000000002
46,0,0.36078070787660427,0.097749827703634884,14.255607406643378,2.1422081375463891,1001.4173357216271,36008.579146231663,0.40000000000000002
47,0,0.38308714143172368,0.09115130382738372,15.452071996531837,0.18831758931047635,778.74879126524206,0,0.40000000000000002
48,0,0.053332041337642785,0.11478950785461323,-3.4231833255335484,1.5876052643799992,1033.6647415061279,689395.35856477276,0.40000000000000002
49,0,0.080454957158573759,0.11962984557432835,3.2825664893819035,3.6201867356390771,1006.4149718482797,130462.62957854362,0.40000000000000002
50,0,0.09401009138347205,0.11504378176843638,-1.4020981856205088,0.06856123565027894,1011.4650883333112,223000.36889628979,0.40000000000000002
51,0,0.12247832833174477,0.11929488452920532,5.2678268440041638,2.6082438989110139,1006.099334925344,128016.4808761559,0.40000000000000002
52,0,0.13928275771146645,0.11634438956075153,3.6289118380199592,0.66615718246029498,1005.3613798750578,107027.86756330132,0.40000000000000002
53,0,0.1636371630361011,0.11844761808461554,6.5819958359179562,1.7783051608784421,1004.1722385200977,91516.801716215443,0.40000000000000002
54,0,0.18181689705368959,0.11714399888021103,5.6245793577040359,1.2003320802409649,1006.4048412962939,135314.3439109608,0.40000000000000002
55,0,0.20498780030812003,0.11769987332756143,8.185691248294436,1.1063922356804297,1003.4714645153909,71384.598344108104,0.40000000000000002
56,0,0.22420310450525868,0.11699962441257035,7.1870245386489877,1.2026495514575277,1007.9663190947359,159023.69341235829,0.40000000000000002
57,0,0.24677427464143062,0.11674232582116,9.8597074954316568,0.5490446271350653,998.25917557109983,0,0.40000000000000002
58,0,0.26668427282064266,0.11628185946181786,8.5954736041951953,0.66623967307490684,1009.2415308464924,182936.07541600752,0.40000000000000002
59,0,0.2888346487851961,0.11595764649017554,11.62055931794251,0.027974964400495711,993.94393021281758,0,0.40000000000000002
60,0,0.30893803752046656,0.11584521641674569,9.7687577944315471,0.055614617784375958,1006.1656669787541,130600.76502168927,0.40000000000000002
61,0,0.33143653155571556,0.1159013452283999,13.038288878766448,0.49588051221072121,988.97129852427361,0,0.40000000000000002
62,0,0.35070114788770246,0.11514605741143032,10.39795808988133,-0.12473113419350607,1003.4937809390635,74770.919903003392,0.40000000000000002
63,0,0.37247146978015166,0.11329138514261441,12.835487899062375,1.2233596434068632,882.6776335521879,0,0.40000000000000002
64,0,0.057734578971072072,0.13333035067387733,-3.0259118977881858,-0.12081274166186484,998.5670989644608,0,0.40000000000000002
65,0,0.079881041661210933,0.13417046671639105,2.8925296322702216,0.72742484344184044,1007.3188144440766,147455.51829693204,0.40000000000000002
66,0,0.10115464771112742,0.13555170170576419,2.7156181509073072,-0.91659231599299074,993.3877615232027,0,0.40000000000000002
67,0,0.12012763128851756,0.13406655181359647,3.9131463363534253,-1.1474493680763009,1007.4727277455311,149455.45403419615,0.40000000000000002
68,0,0.14197106931209597,0.13600908002270393,4.7883744996204314,-1.6194658038133216,1003.1717259399649,51441.716075989112,0.40000000000000002
69,0,0.16178700428547504,0.13465141944144116,6.0258572797708041,-1.9946807117872327,1002.8343317693276,48281.812263683038,0.40000000000000002
70,0,0.18315639847976303,0.1360629865490926,6.2110882893749162,-2.1062649266647133,1005.3056867816683,107251.23752230564,0.40000000000000002
71,0,0.20389913637752982,0.13555153620614241,8.1583132570116117,-1.6992243090163692,998.63036478152435,0,0.40000000000000002
72,0,0.22475916538566462,0.13649484767458073,7.4591037644580451,-1.8098486168101917,1004.644011333756,96304.57015102265,0.40000000000000002
73,0,0.24608283847326415,0.13624007747271027,9.7181769959895199,-1.0730604049100112,991.66248672029917,0,0.40000000000000002
74,0,0.26718278319484096,0.13688999722797751,9.1241291240404756,-0.72155350317717548,1003.030550764408,59709.022695157502,0.40000000000000002
75,0,0.28871272328716308,0.13603822261116591,11.278927012322665,-0.078209233423414709,991.28897349650049,0,0.40000000000000002
76,0,0.31071648876754276,0.13656800114059778,11.611051298886045,0.58356171179691341,1005.0469403799684,107154.0556659453,0.40000000000000002
77,0,0.33191257329797785,0.13396884263623626,13.502277883258545,0.40417609357562084,998.13667345031104,0,0.40000000000000002
78,0,0.35570052043798361,0.1341828542946176,14.004080953837484,1.5762211837460904,1001.1123537366891,26591.004716551579,0.40000000000000002
79,0,0.37530033877522345,0.13015464925147127,14.652834247659806,-0.003518630299433223,787.81753821843631,0,0.40000000000000002
80,0,0.055127382009302998,0.15576519698817889,-3.0373011814025932,-0.42376938222288874,1031.3385711005317,622003.19733524823,0.40000000000000002
81,0,0.080575748913243761,0.15689541652497777,2.1170412587729381,1.3328023422164061,1002.8195421625633,65102.431267661581,0.40000000000000002
82,0,0.096684185230735534,0.15476616217842454,-0.61888362794596241,-0.91606357613104372,1019.6645825540277,393208.22286393685,0.40000000000000002
83,0,0.12235304550447001,0.15731052400602644,4.412580305434413,1.2879688905001472,1004.210370361025,91521.959811181572,0.40000000000000002
84,0,0.13943323537363816,0.15480840011863128,2.8221515989944419,-0.53395708490973193,1010.0847117042682,203314.11095172583,0.40000000000000002
85,0,0.16397544876215012,0.15704316625716502,6.4909681619586621,1.0612397431366924,1004.1520223338924,89634.524119454276,0.40000000000000002
86,0,0.18180814556308827,0.15499574209497924,5.2502950453229502,-0.056459083435535795,1009.8649852246278,204110.55064531494,0.40000000000000002
87,0,0.20530498608915521,0.15625867952718042,8.6025312734701895,0.85809859175993031,1000.8216308502177,7625.9975044931789,0.40000000000000002
88,0,0.22415157098686142,0.15481525594014187,6.8874901089130063,0.17796056841890026,1010.4192542670245,210661.89084034925,0.40000000000000002
89,0,0.24671934104319612,0.15498994026870144,10.46027122580564,0.13626138535843135,993.53932845375425,0,0.40000000000000002
90,0,0.2665593626338203,0.15414053483697471,8.8702332152756629,0.0012164938738808417,1009.3464980773743,184737.59785159677,0.40000000000000002
91,0,0.28827103035118407,0.15370453754741939,12.012600668336225,-0.54596970129757871,991.74752633545995,0,0.40000000000000002
92,0,0.30849135944930806,0.15330304678104295,10.449893987086089,-0.35220171518961596,1004.9097187890462,96293.835918399578,0.40000000000000002
93,0,0.32996034026972254,0.15273202182775025,13.321984473492178,-0.74175762058959172,994.06028907554378,0,0.40000000000000002
94,0,0.34922830298507862,0.15257612869885226,11.407163623927895,-0.73981347353650051,1005.4189347498288,111436.69781657688,0.40000000000000002
95,0,0.36962053889839436,0.15207541050142728,13.405616344632781,0.83162783448640065,856.46859719896747,0,0.40000000000000002
96,0,0.057858474796144921,0.17332089852889906,-1.974375958398022,-2.2078753181431741,1013.4368659440405,271999.34317148605,0.40000000000000002
97,0,0.080690938407910001,0.17381518554022587,2.1036847764144655,-0.54983358524709658,1009.8262005217576,199329.79898864645,0.40000000000000002
98,0,0.099657814023490748,0.1734684589290339,1.7863329086490003,-1.5967082630597322,1005.7559406974646,100285.13043770222,0.40000000000000002
99,0,0.12145772163217891,0.17336951350668603,4.3075431381887803,-1.3356836384135866,1006.9457081526119,141084.78118580242,0.40000000000000002
100,0,0.14131410072317752,0.17417476135823354,4.0728563645946814,-1.9422585145067413,1009.9032772813872,202173.88255571123,0.40000000000000002
101,0,0.16239837323520734,0.17346590014926558,6.4701892774868108,-2.1167510548781139,1002.6417143719716,50742.50965961317,0.40000000000000002
102,0,0.18283791865137985,0.17431111078172123,6.0646572088001864,-2.1397739982700066,1010.1247873816822,208292.74612284976,0.40000000000000002
103,0,0.20385388396114509,0.17399034988998219,8.4468517102381302,-2.1466480215119055,1000.7369999799545,6283.4780963740577,0.40000000000000002
104,0,0.22425957213754583,0.17455889623448081,7.2265553208787692,-1.9920838024533147,1009.0394563851065,187147.98540761627,0.40000000000000002
105,0,0.24544334873338761,0.17452221076296787,10.067526929443664,-1.2748215664920184,990.70811334611301,0,0.40000000000000002
106,0,0.26625238278465013,0.17472812587760869,8.9488308661256841,-1.2991686231523252,1006.7738151694617,137897.07634982484,0.40000000000000002
107,0,0.28716564347108681,0.17445584803581507,11.38973757890659,-0.21469462766890698,986.70152979519094,0,0.40000000000000002
108,0,0.30902228123128211,0.174346359921915,11.483233203666588,-0.16655827570229687,1006.6454426931469,134871.06485064692,0.40000000000000002
109,0,0.32896746415103439,0.17301565008825251,12.98116662223444,0.63093094420914675,986.76347081972995,0,0.40000000000000002
110,0,0.3524378472006951,0.17253285434947011,13.886933041551343,1.121994959674613,1000.6470947872367,16208.443519428776,0.40000000000000002
111,0,0.3713757143005888,0.17009685435054273,14.542156815941144,0.018445539370220913,811.93760621565366,0,0.40000000000000002
112,0,0.054619320792377024,0.19459902313123614,-2.7612700109504198,-1.2222146039615012,1039.1461030983141,787280.23168856453,0.40000000000000002
113,0,0.081164608957496956,0.19496154941751204,2.515770280986847,0.41893431753966714,1002.5360720795402,59422.382132599138,0.40000000000000002
114,0,0.097506825720315715,0.19425423224586905,-0.15936741887160233,-1.4776901774504601,1023.4799926165407,473555.05607448175,0.40000000000000002
115,0,0.12231434085736578,0.19511272432647661,3.9338706461857127,0.096583545673064874,1004.2283497390021,91370.081201151726,0.40000000000000002
116,0,0.139619476598869,0.19373966261338993,2.6720027417597798,-0.75820463195728638,1014.703548202065,301457.83483849745,0.40000000000000002
117,0,0.16398884848985418,0.19511741016553463,6.6025853976705076,0.48289044064311054,1002.4284310322236,53047.882901885438,0.40000000000000002
118,0,0.18176604683031442,0.19358401855187168,5.0379072590366567,-0.46461480222181362,1013.0801720371693,270365.51030338125,0.40000000000000002
119,0,0.20517456365461756,0.19444677410393091,8.7957778273800642,0.34982814375954246,998.0387175363345,0,0.40000000000000002
120,0,0.22392505861674131,0.19326586612902927,6.9779679184155974,-0.21749957211861565,1011.5788599736442,235842.93462987515,0.40000000000000002
121,0,0.24629921316868772,0.19336469270832976,10.617685431538851,-0.20711215482700635,991.50393999450387,0,0.40000000000000002
122,0,0.26609813733242088,0.19255393064264398,9.0426704707932259,-0.34187182247556885,1009.0976323230315,180298.57141315215,0.40000000000000002
123,0,0.28746695999239907,0.19210519735082027,12.230522242654645,-0.8876141011315779,987.31760215359759,0,0.40000000000000002
124,0,0.30797224672457602,0.19167946318609413,11.045907062615978,-0.75217325354608444,1004.8780149631418,96318.634587686916,0.40000000000000002
125,0,0.32870268280767301,0.19118342260456928,13.754965589774427,-1.1900116021081575,992.26577242240319,0,0.40000000000000002
126,0,0.34869985839834078,0.19141538928129212,12.450388025836526,-0.88817312835720663,1005.819143780661,118641.9634630144,0.40000000000000002
127,0,0.36821233976207551,0.19120109803624183,14.043814084141509,0.42214739093415171,851.24333074791275,0,0.40000000000000002
128,0,0.05718687879649869,0.21291936389015925,-0.97508347710067622,-2.4046858675611982,1025.9396775649905,531985.78099953639,0.40000000000000002
129,0,0.080641094530375448,0.21269779999264479,1.1214082673847974,-1.4627895611763257,1010.1325050413084,212791.63082956147,0.40000000000000002
130,0,0.098908539589187341,0.21222541242949899,1.5308449761994791,-1.9170865250862448,1015.4811817327736,318499.92107574758,0.40000000000000002
131,0,0.12210899324803748,0.21231668753581329,4.5434581616144065,-1.5279927087744791,1005.8850427071546,122012.11993761131,0.40000000000000002
132,0,0.1408016858153108,0.21262608636132435,3.7562218597959376,-1.8954407781933942,1014.8327727011962,304630.9628858185,0.40000000000000002
133,0,0.16288869729508468,0.212397762272996,6.578000091559062,-2.0258935697586331,1003.5561272647149,72435.121360673918,0.40000000000000002
134,0,0.18240250667734478,0.2127134660255868,5.838189558663089,-1.991186164329841,1013.9478519901061,288833.21092522744,0.40000000000000002
135,0,0.20402745814933063,0.21274828988830546,8.7239613677647796,-1.8758864965110156,999.56089237888796,0,0.40000000000000002
136,0,0.22389011455135502,0.21290936759353499,7.227205564143401,-1.8621279671536479,1012.142687323566,248675.7897815257,0.40000000000000002
137,0,0.24519422614743211,0.21311339533821752,10.420253098036884,-1.173350742429305,991.934080087692,0,0.40000000000000002
138,0,0.26564421429159618,0.21312609404826741,9.0208314697032357,-1.2465179003474729,1008.7769999256758,176838.82284588937,0.40000000000000002
139,0,0.28639600617470318,0.21315867327513968,11.747942249198228,-0.17420876606737493,984.96341063309933,0,0.40000000000000002
140,0,0.30794011685848771,0.21293601199375789,11.654122501760494,-0.21306581330667868,1007.1793034409728,144495.08152290338,0.40000000000000002
141,0,0.32746082754413502,0.21221565521211891,13.164086331695724,0.71874342368127464,984.18893140914531,0,0.40000000000000002
142,0,0.35046602455529968,0.2115000542537343,13.911221209626142,0.75207925786656427,1000.9610026681451,21047.158493708637,0.40000000000000002
143,0,0.36916379492872226,0.21008587276336116,14.753024500852868,0.038582739316341076,827.04022849604712,0,0.40000000000000002
144,0,0.05473039561481953,0.23279792200559224,-1.8145785521698745,-1.5174112563342601,1046.9540695608891,959270.84980310756,0.40000000000000002
145,0,0.081307039737078118,0.23300199700255494,2.579716991728207,0.08951148505049461,1003.0805910541682,63630.363631055356,0.40000000000000002
146,0,0.097687563110692308,0.23319975002188295,0.22938148109089573,-0.81201252607309782,1025.955080199994,525988.81284444709,0.40000000000000002
147,0,0.1223189864845417,0.23334478093077421,3.8781202293280845,-0.028207273900990593,1004.6869492161535,101663.01909493039,0.40000000000000002
148,0,0.13976325950319723,0.23262407051262915,2.8413302210071638,-0.51506092668496795,1018.5612697658672,382693.0360597879,0.40000000000000002
149,0,0.16378246667043803,0.23322912551081659,6.6640963054631914,0.31964430927216336,1001.9767567750579,41316.047634219416,0.40000000000000002
150,0,0.181758216239048,0.23237561337119783,5.162792509215306,-0.17806813452109918,1014.6173191898727,298636.55330489401,0.40000000000000002
151,0,0.20486278945639161,0.23271006233847288,8.857965292854626,0.14936665817674011,997.78978377654198,0,0.40000000000000002
152,0,0.22368348490355189,0.23198688176821469,7.1099813481230232,-0.083916324004497722,1012.2063907107711,246996.26025995149,0.40000000000000002
153,0,0.2458071127964376,0.23185110413691021,10.664868091132995,-0.34513907905773755,990.4687993010441,0,0.40000000000000002
154,0,0.26565233987315429,0.23131100304056559,9.2254112272044697,-0.3718325822315352,1009.324301045542,186394.38315886151,0.40000000000000002
155,0,0.28670593055583138,0.23083823740210499,12.285300294885232,-1.0235592074011921,984.11036182691169,0,0.40000000000000002
156,0,0.30752266940101941,0.23055216169462842,11.578271334413081,-0.91362107276150262,1005.1421531055584,102273.57794618208,0.40000000000000002
157,0,0.32771784101186519,0.2302992496412708,14.028677815930386,-1.3302687764443499,990.11168256398093,0,0.40000000000000002
158,0,0.3484517437000384,0.23072778554700871,13.252318542198418,-0.83260956096275773,1005.2478385375529,106119.33742666602,0.40000000000000002
159,0,0.36748120985343852,0.23065670581392936,14.622328414809656,0.19134069237027534,848.29820950106159,0,0.40000000000000002
160,0,0.05636225265146759,0.25194046575394469,-0.37599132781242006,-1.5679601448589895,1036.8367101020676,759566.06729275384,0.40000000000000002
161,0,0.080775290058076668,0.25154432986607611,1.1825961676636418,-1.4081472989262582,1008.4015658241229,178281.50498178243,0.40000000000000002
162,0,0.098458293798581578,0.25098126429029677,1.3597207808370602,-1.9116971817074038,1023.8105768600976,498148.12782479083,0.40000000000000002
163,0,0.12223335217463614,0.25104403312324586,4.4745226512944853,-1.514472385121221,1005.521647241431,115343.17609164382,0.40000000000000002
164,0,0.14042744204468607,0.25120733904167591,3.576451595369849,-1.5156344062700084,1017.5961539275212,359376.4695097743,0.40000000000000002
165,0,0.16315464758550824,0.25123729688496527,6.6272244807874836,-1.6221601556347855,1003.6744562201715,73144.448344434932,0.40000000000000002
166,0,0.1820731696790551,0.25130786690925966,5.6271719212611506,-1.6593118156805686,1015.8309926025483,325486.65984975488,0.40000000000000002
167,0,0.20415700141269508,0.25151140850274301,8.8496654904224687,-1.4416454310057758,998.56354278575498,0,0.40000000000000002
168,0,0.22364826162364737,0.25152099567975394,7.2964626655260796,-1.485741865588905,1012.8838150844023,259335.96426709933,0.40000000000000002
169,0,0.24510497386529773,0.25189484208151774,10.588665029187093,-0.79024448365331723,991.88695380646129,0,0.40000000000000002
170,0,0.265330066208677,0.2518447586591423,9.2136256908072447,-0.8687986640470815,1009.2088915741281,182925.09191601141,0.40000000000000002
171,0,0.28604166280502707,0.25209590150590472,12.041257365238939,0.10506089948938999,983.93256947005523,0,0.40000000000000002
172,0,0.3073789913384708,0.25194553032204031,11.917732936748887,0.088314195012877433,1007.0481540717151,142189.98755970542,0.40000000000000002
173,0,0.3268254788221383,0.25148237719211619,13.558459950676712,0.81054662470483252,984.351262745589,0,0.40000000000000002
174,0,0.34933538837840949,0.25078181486780027,14.057128541813801,0.56261654090041247,1001.8781036534137,38868.678188948215,0.40000000000000002
175,0,0.36791779640736449,0.25001207180708057,15.004905144367047,0.026400112626132389,837.05746738374592,0,0.40000000000000002
176,0,0.055138228705862685,0.27103252808260214,-0.83196352211365499,-0.95432478656023401,1049.1687284852883,1015307.1616017785,0.40000000000000002
177,0,0.081178701696353078,0.27121461954892878,2.2242753180939601,0.18584619144257442,1004.7338389410595,95797.769563330963,0.40000000000000002
178,0,0.097846361372577573,0.27179240171386787,0.67882865991141361,0.33059276514153785,1027.4152500841094,560382.20815080602,0.40000000000000002
179,0,0.12229407724456708,0.27177736413392445,4.0542786005499449,0.49722645457420661,1005.1564086638789,110787.31086979076,0.40000000000000002
180,0,0.13992202768569786,0.27140375279856049,3.0999006170683452,0.090192998790277978,1020.1304375575431,414240.99088673916,0.40000000000000002
181,0,0.16353096689158078,0.27153864260942129,6.688554092113085,0.54535254388990595,1002.4745680300775,48658.499857242394,0.40000000000000002
182,0,0.18178277080472133,0.27116373398092941,5.327303141573827,0.40346988096201847,1015.4987494270995,315462.3609180004,0.40000000000000002
183,0,0.20453866165481763,0.27115216335116243,8.8948755810809335,0.40698060736047487,997.7176508272222,0,0.40000000000000002
184,0,0.223545831187966,0.27081232216605022,7.236393112533376,0.35389108331344477,1012.5879452864217,252261.91041296485,0.40000000000000002
185,0,0.24539414744521915,0.27048211842103259,10.669411524098612,-0.16572559013013258,990.65574039863338,0,0.40000000000000002
186,0,0.26535734413886752,0.27023739160803051,9.3615947704510862,-0.096178164859303195,1009.3456271918367,185640.42261174467,0.40000000000000002
187,0,0.28618222882921063,0.26976851290266918,12.256570671731227,-0.87705818255519896,983.1179458934846,0,0.40000000000000002
188,0,0.30723319160574225,0.26964000990237763,11.929925384400288,-0.82449428893889498,1005.5912975835788,112015.90559372671,0.40000000000000002
189,0,0.32704070192648815,0.26966669942082067,14.064300432286364,-1.2415937821889891,987.41309996175892,0,0.40000000000000002
190,0,0.34845700124875195,0.27020439069876512,13.830076949630797,-0.70122705219206327,1004.151564898599,83474.984198752383,0.40000000000000002
191,0,0.36719089457063786,0.27030713951656998,14.998239679670018,0.059463975609608033,846.47558558286471,0,0.40000000000000002
192,0,0.055685001081307361,0.29054683875767423,-0.30016767246955256,-0.26844938620386743,1045.241602214604,936881.38024941308,0.40000000000000002
193,0,0.080984048006475851,0.29024628608542707,1.7059770509305427,-0.78956493295883012,1006.5513265059869,136387.72834742689,0.40000000000000002
194,0,0.098114739230995576,0.28962147154229839,1.0921218434877242,-1.3599848894935778,1027.3385678989339,566024.92657063308,0.40000000000000002
195,0,0.12225200024630788,0.28964958205961228,4.2700238843811693,-1.1525450226535572,1005.456421471121,115265.38000429711,0.40000000000000002
196,0,0.14013893166449939,0.28984128876052884,3.3648447144468783,-0.87786582113737266,1019.430476087771,398034.8745107759,0.40000000000000002
197,0,0.16333110661419614,0.28990911714900003,6.6766531295973612,-1.0677025137671772,1003.1856993464714,61789.248107806576,0.40000000000000002
198,0,0.18187436963273465,0.29001713647863253,5.4680774774407963,-1.1001834534526613,1016.0695122109598,327770.77198946767,0.40000000000000002
199,0,0.20430212605185993,0.2902060774681498,8.8962910094498202,-0.92900123873750262,997.99983660307282,0,0.40000000000000002
200,0,0.2235313020967892,0.29028998412611651,7.3013531889813086,-0.9603610191271208,1012.7855472268629,255097.72088821779,0.40000000000000002
201,0,0.24515834126315086,0.29070525044013201,10.652591329968786,-0.30341661729689534,991.11004180738246,0,0.40000000000000002
202,0,0.26524901183320448,0.29073796316926598,9.3654730516469478,-0.39272435199745653,1009.2398959288568,182420.50462551828,0.40000000000000002
203,0,0.28596567343938833,0.2911385864146292,12.190526422925277,0.49250068368432215,983.39007522352881,0,0.40000000000000002
204,0,0.30717156129056061,0.29111746513997966,12.044489364077066,0.48569302923268343,1006.3477229984495,127861.39550537718,0.40000000000000002
205,0,0.3267265113046508,0.29084376723969402,13.89083518645851,0.9886965184859563,985.28050713003552,0,0.40000000000000002
206,0,0.3487285823954116,0.29022278766667031,14.096350384331082,0.55019259545118304,1002.9766443524441,60177.148465407343,0.40000000000000002
207,0,0.36731278401650197,0.28985885978063197,15.116893987038118,-0.023501725962668019,843.32981427998868,0,0.40000000000000002
208,0,0.055684428849413596,0.30939950251699561,-0.30188834454010172,0.23654274765599045,1045.2372398443922,936772.48754935793,0.40000000000000002
209,0,0.080984978774557917,0.30969815870290557,1.7079952330815438,0.75519691214344709,1006.5503886327651,136323.44871331353,0.40000000000000002
210,0,0.098114380730776454,0.31032471716240301,1.0906292214395332,1.3272370888311835,1027.3398688757427,565995.23221234442,0.40000000000000002
211,0,0.12225208882847605,0.31029550345957435,4.2707079279615954,1.1178897089365241,1005.4494056542187,115106.27259039038,0.40000000000000002
212,0,0.14013826334942006,0.31010393568017247,3.3634096986184985,0.84316396026027673,1019.4226226628008,397875.39939289109,0.40000000000000002
213,0,0.1633311262598314,0.31003533931298677,6.677604347783558,1.0318338144709032,1003.1660001297838,61376.954456668878,0.40000000000000002
214,0,0.18187348530234318,0.3099267362334075,5.4658561438281836,1.0636294076556254,1016.0490050312962,327353.57953480846,0.40000000000000002
215,0,0.20430170023356053,0.30973664253672306,8.896007915536968,0.89006986855700632,997.97067470162244,0,0.40000000000000002
216,0,0.22353051910879829,0.30965185405479745,7.3000379277410365,0.92108595147882055,1012.7606156093334,254607.49310986834,0.40000000000000002
217,0,0.24515756796564675,0.30923517890880181,10.651587646571135,0.2620123720362304,991.08628606656828,0,0.40000000000000002
218,0,0.26524823104201839,0.30920126719712798,9.3645495660031042,0.35055096472373753,1009.2197470596593,182031.19708630646,0.40000000000000002
219,0,0.28596474243039754,0.30879887383795329,12.189329166916973,-0.53654394908336045,983.37644139426129,0,0.40000000000000002
220,0,0.30717075774094799,0.3088186462398595,12.043860071258411,-0.53054169877662516,1006.3381794215613,127681.3909321111,0.40000000000000002
221,0,0.32672596050640312,0.30909019345632749,13.890200108535423,-1.035088202384302,985.28688431733076,0,0.40000000000000002
222,0,0.3487275776776535,0.30970972838105765,14.095821707630176,-0.59728275790348218,1002.9860720423652,60365.57420872587,0.40000000000000002
223,0,0.36731166607169258,0.31007086130467032,15.116413766821424,-0.025494959361634709,843.33456115446529,0,0.40000000000000002
224,0,0.055138503261048473,0.3289140636106711,-0.83555848530212273,0.92187416165534863,1049.135172989478,1014632.6180886169,0.40000000000000002
225,0,0.081178361526171416,0.32873046531234679,2.2241515400550003,-0.22151868520233281,1004.7163151900999,95502.031437840138,0.40000000000000002
226,0,0.09784644333172976,0.32815388547239599,0.67684512643084904,-0.36649620994325682,1027.3958587015625,560038.928856418,0.40000000000000002
227,0,0.12229420460840286,0.32816823324260858,4.0556047556641408,-0.53283154317242332,1005.1472654312448,110618.14701404919,0.40000000000000002
228,0,0.13992186151921807,0.32854218578346189,3.098231404774106,-0.12480760218310011,1020.1296740281321,414216.60334882583,0.40000000000000002
229,0,0.16353006267715917,0.3284070985279669,6.6883404706700524,-0.58008672474806067,1002.4792026759919,48707.787267875974,0.40000000000000002
230,0,0.18178190582168302,0.32878135019969507,5.3248387227213776,-0.43883667518817865,1015.5102241371887,315673.32353827247,0.40000000000000002
231,0,0.2045370088657178,0.32879199696567774,8.8939074192247567,-0.44422039176753014,997.7185888954084,0,0.40000000000000002
232,0,0.22354457336455125,0.32913077226764664,7.2348637967449863,-0.39152807736499828,1012.6018842505044,252524.13893671942,0.40000000000000002
233,0,0.24539188136580481,0.32945951977889243,10.667706126090492,0.12602986084617618,990.66732764978633,0,0.40000000000000002
234,0,0.26535553013531377,0.3297028396274701,9.3601040710661323,0.055752267907739267,1009.3575417022942,185864.51684260083,0.40000000000000002
235,0,0.28617942732069857,0.33016963148879552,12.254438286743101,0.83424620079249145,983.12314947890809,0,0.40000000000000002
236,0,0.3072309648521655,0.33029665176593348,11.928936035330558,0.78107709609259368,1005.5966492144626,112121.75561688103,0.40000000000000002
237,0,0.32703695437111568,0.33026714890511349,14.061461020685531,1.1954711043525752,987.40843332431405,0,0.40000000000000002
238,0,0.3484542630726663,0.32972792957535424,13.82865786903624,0.65386842434060199,1004.1396498951184,83243.144748325169,0.40000000000000002
239,0,0.36718731240940444,0.32962267342380841,14.994907952321734,-0.10849964887323488,846.48679123549107,0,0.40000000000000002
240,0,0.056362097056582336,0.34800698896293619,-0.38220075238325912,1.5393325672360803,1036.7994905069506,758747.4530956418,0.40000000000000002
241,0,0.080776614317767309,0.34840052830617119,1.1849639965834691,1.3760630016525512,1008.3980202151467,178202.37919000786,0.40000000000000002
242,0,0.098457831579310026,0.34896607115504907,1.355562249391665,1.8829684668364055,1023.8098000556167,498112.90246289427,0.40000000000000002
243,0,0.12223358894293368,0.34890182394720048,4.4776362774320644,1.4815509332865653,1005.4989461148726,114867.17051149467,0.40000000000000002
244,0,0.14042602793917638,0.34873852167466185,3.5722207289864421,1.4820124739156257,1017.5739134890865,358917.00104563899,0.40000000000000002
245,0,0.16315384248972292,0.34870719758629398,6.6290917929277908,1.5862330719811988,1003.6376653503017,72327.281502852144,0.40000000000000002
246,0,0.18207043244231808,0.34863623849720454,5.6199577401160612,1.6229737997154259,1015.7969119633715,324774.39539185108,0.40000000000000002
247,0,0.20415440036489177,0.34843109204585343,8.8479578785402726,1.4019095388605536,998.50166900373483,0,0.40000000000000002
248,0,0.22364539286476823,0.34842087886967432,7.2921370184214798,1.445907365019854,1012.8424756639016,258524.87947044999,0.40000000000000002
249,0,0.2451010288493268,0.34804534748188415,10.5847560641591,0.74758413660588285,991.84801265493627,0,0.40000000000000002
250,0,0.26532672991284439,0.34809453877881469,9.2103645564111538,0.82566207584203011,1009.1753435470415,182282.64786797675,0.40000000000000002
251,0,0.28603693973311051,0.34784179615648009,12.036686926193461,-0.14965304331580861,983.90837315380645,0,0.40000000000000002
252,0,0.3073750671089322,0.34799089638647951,11.915448678457826,-0.13384482291713148,1007.0304141542075,141856.30920622181,0.40000000000000002
253,0,0.32682049259653712,0.34845231522098424,13.554032669975488,-0.85669155342134717,984.35713618619104,0,0.40000000000000002
254,0,0.34933044161593385,0.34915145613876475,14.054439890173638,-0.60896093253056882,1001.885902874145,39029.968164034115,0.40000000000000002
255,0,0.36791179755069536,0.34991777241083505,15.000517918451591,-0.075151604384966847,837.07869379663009,0,0.40000000000000002
256,0,0.054731330384265843,0.36714968371745893,-1.8226437112871872,1.4842155666905561,1046.8633113572416,957408.6696885759,0.40000000000000002
257,0,0.081307599298109628,0.36694384050965645,2.5825942383913718,-0.1281663045681124,1003.0329081314802,62717.205030689824,0.40000000000000002
258,0,0.097688084333454009,0.36674721508959368,0.22405906539098419,0.77319371261433512,1025.90166333908,524919.74008004472,0.40000000000000002
259,0,0.12231919156554089,0.36660257170440064,3.8808428710205094,-0.0072809663188179718,1004.664009475518,101211.32219471807,0.40000000000000002
260,0,0.13976262137619089,0.36732426293340981,2.8369099695322468,0.48208229945590342,1018.554423330198,382533.59173751163,0.40000000000000002
261,0,0.16378042856493324,0.36671941421826471,6.6642543487912276,-0.35247817041529234,1001.9698545502314,41068.892772811632,0.40000000000000002
262,0,0.18175582547605662,0.36757234193658322,5.1560177435173031,0.1452547844297967,1014.6221505949186,298691.08050322998,0.40000000000000002
263,0,0.20485894430857471,0.36723713089894799,8.8557907503960216,-0.18347093385688903,997.77229911437848,0,0.40000000000000002
264,0,0.22367987547259841,0.36795904750524672,7.1047682249941895,0.04944832706371112,1012.2133300119738,247109.85220052573,0.40000000000000002
265,0,0.24580166111656257,0.36809259287209739,10.660496594726425,0.30692373740172846,990.44912492048786,0,0.40000000000000002
266,0,0.26564806800368035,0.3686316317276021,9.2220563645848301,0.33457498731414415,1009.3315738519209,186515.84766494538,0.40000000000000002
267,0,0.28669906380576887,0.36910172037657174,12.279527818332669,0.98304283109692525,984.11310243608341,0,0.40000000000000002
268,0,0.30751736114379963,0.36938606046642858,11.575684861206035,0.87244562943028015,1005.1441592000559,102315.55727811027,0.40000000000000002
269,0,0.32770944937404617,0.3696353779146227,14.022209518014236,1.2852833401599526,990.11347744253533,0,0.40000000000000002
270,0,0.34844514715366148,0.36920489134566703,13.248878510205559,0.78539409787739922,1005.2312055487566,105798.46380625339,0.40000000000000002
271,0,0.36747254152054598,0.36927353388256784,14.6147849669481,-0.24016222218755848,848.32736576680043,0,0.40000000000000002
272,0,0.057190187391156576,0.38703046369218769,-0.98248523163367052,2.382077554166421,1025.8810523400011,530662.01226785581,0.40000000000000002
273,0,0.080642130164835513,0.3872496896592687,1.1221728468399199,1.4354559783338414,1010.1458934527678,213132.23829731595,0.40000000000000002
274,0,0.098909235911790794,0.38772488584512804,1.5266961965742061,1.8930236850793989,1015.4769628898025,318460.66680765117,0.40000000000000002
275,0,0.12210934921177385,0.38763115047648439,4.5493990677248339,1.4968790532896792,1005.8473078644676,121219.42357948741,0.40000000000000002
276,0,0.14080017840949263,0.38732143385104989,3.750095887978377,1.8632426680746876,1014.7895643758335,303732.4241687067,0.40000000000000002
277,0,0.16288673309149737,0.38754779668807082,6.5802106887959209,1.9904634042434308,1003.5023266902351,71225.153115724199,0.40000000000000002
278,0,0.18239814510784624,0.38723204792604993,5.826337191818924,1.955818813519735,1013.8900197158273,287661.41331374558,0.40000000000000002
279,0,0.20402235834741136,0.38719499862842144,8.7207878844029114,1.8358772758091699,999.46687920195131,0,0.40000000000000002
280,0,0.22388465611642572,0.38703368022724854,7.2181659084897332,1.8225304863345011,1012.0704817052008,247245.36329386875,0.40000000000000002
281,0,0.24518660880651091,0.3868277791561025,10.412956123172979,1.1304863818093591,991.83463991464669,0,0.40000000000000002
282,0,0.26563880614578284,0.38681424410775533,9.0167453403504467,1.2030235431582512,1008.7176177026001,175630.73849266418,0.40000000000000002
283,0,0.28638675571537747,0.38678019630581417,11.738804702255344,0.12958765870096009,984.92959120043963,0,0.40000000000000002
284,0,0.30793282682351164,0.38700157936544372,11.650182048658086,0.16726931004756851,1007.1470562664283,143875.6506273851,0.40000000000000002
285,0,0.32745062263876107,0.38772031263952461,13.155056037908013,-0.76441898261470198,984.20151837514163,0,0.40000000000000002
286,0,0.35045627003489732,0.38843459824152765,13.905449631130086,-0.79729287303575525,1000.9671006478751,21176.492005517415,0.40000000000000002
287,0,0.36915214127094914,0.38984419495805811,14.744272429945696,-0.087008367666424946,827.07564698044507,0,0.40000000000000002
288,0,0.054623583475324165,0.40534831547976613,-2.7713321709653225,1.1814288503318411,1038.9628408957856,783505.41405240726,0.40000000000000002
289,0,0.081165900992098722,0.40498471911749334,2.5213044583258419,-0.46239254719115697,1002.4597180181862,57923.815245003236,0.40000000000000002
290,0,0.097509559764545312,0.40569376761128834,-0.16669945862653635,1.4363374326832588,1023.3820621344796,471536.19236365845,0.40000000000000002
291,0,0.1223135250250955,0.40483790697388872,3.9358155810360951,-0.13130040871529225,1004.1978968663788,90770.297601145314,0.40000000000000002
292,0,0.13961947535708372,0.40621290283287376,2.6666701806939153,0.72726009077349907,1014.6903755441126,301158.2124279415,0.40000000000000002
293,0,0.16398509978815004,0.40483545817943412,6.6022180061152245,-0.51420192495651429,1002.4131811949914,52608.190364302027,0.40000000000000002
294,0,0.1817627817463838,0.40636876018715024,5.02853214846819,0.43550644568433017,1013.081373260477,270341.9548304393,0.40000000000000002
295,0,0.20516812933324349,0.40550576355190621,8.7920047034909121,-0.37769700138066814,998.02014046193199,0,0.40000000000000002
296,0,0.22391879637348039,0.40668496829344575,6.9677126553036723,0.18716067189400748,1011.5777184494058,235782.46584246948,0.40000000000000002
297,0,0.24629022029913242,0.40658353058474844,10.610760035941846,0.17284507834704918,991.43946337328282,0,0.40000000000000002
298,0,0.26609120367753297,0.40739302379327103,9.0373368151429254,0.30839933862212487,1009.0974181497328,180256.2835402489,0.40000000000000002
299,0,0.28745542051968553,0.40783819176577119,12.220743955593301,0.85023943343114494,987.31829216525171,0,0.40000000000000002
300,0,0.30796361980813175,0.40826183689059292,11.041656412261847,0.71449238461092257,1004.8776561890548,96324.19625121227,0.40000000000000002
301,0,0.32868882113082987,0.4087527821368942,13.744295956895874,1.146452948650581,992.27360201074987,0,0.40000000000000002
302,0,0.34868926542487261,0.40851830098750347,12.445038083577492,0.84155602895225445,1005.7957550279089,118189.02900218214,0.40000000000000002
303,0,0.36819762356419133,0.40873028364489489,14.031225196818941,-0.47008875937969158,851.30013923847946,0,0.40000000000000002
304,0,0.057868910107044438,0.42663303786307677,-1.9775614029691533,2.1930037085465597,1013.3867669306761,270863.00144343975,0.40000000000000002
305,0,0.080690889750149861,0.42613777872271791,2.1037409532958624,0.52818982814706938,1009.8525279653933,199986.04855134245,0.40000000000000002
306,0,0.0996618404302934,0.42648629244000075,1.7860030336609407,1.575556252632716,1005.732569533445,99821.378330391264,0.40000000000000002
307,0,0.1214579206543708,0.42658054661187844,4.3143767116603717,1.3046293192946736,1006.8972023530284,140094.76082657036,0.40000000000000002
308,0,0.1413139538004401,0.42577474035686019,4.0673096101964807,1.9100334392269154,1009.8352525497155,200788.98145522148,0.40000000000000002
309,0,0.16239413111971857,0.4264808491814554,6.4703560026174136,2.0798330893253132,1002.5679766512992,49148.60599118712,0.40000000000000002
310,0,0.18283380210570924,0.42563635912123138,6.0540921684854041,2.1044468628942088,1010.0489793282344,206641.98716688564,0.40000000000000002
311,0,0.20384547727673491,0.42595459464846591,8.4411337671325679,2.1069071314352574,1000.6695501126748,5173.9285279434389,0.40000000000000002
312,0,0.22425170347344547,0.42538649334641004,7.2112124635648707,1.9532825253630413,1008.961299139108,185424.41115068784,0.40000000000000002
313,0,0.24543145012835443,0.42542154398936249,10.056996285176622,1.2327324042191283,990.57383143331492,0,0.40000000000000002
314,0,0.26624437191600114,0.42521471172080971,8.9431282679021962,1.2567637968261915,1006.6990385619315,136340.25149669044,0.40000000000000002
315,0,0.28715079300172952,0.42548530040096244,11.376002848337142,0.17073729723012562,986.65685732673239,0,0.40000000000000002
316,0,0.30901019121119605,0.42559340058721778,11.476175868844793,0.12127273046008299,1006.5972643570525,133891.45887997662,0.40000000000000002
317,0,0.32895023911210119,0.42692185983783271,12.966033531685341,-0.67642623892361442,986.74582639698735,0,0.40000000000000002
318,0,0.35242198984675721,0.427403774666619,13.877443073835501,-1.1661005794866053,1000.6522829377363,16311.025604804829,0.40000000000000002
319,0,0.37135673546911901,0.42983333975237603,14.528041741720434,-0.066725587546947032,811.99778154728278,0,0.40000000000000002
320,0,0.055139529470489841,0.44418009053216401,-3.0448043642153362,0.36845281001330887,1031.0277755827512,615623.36829618504,0.40000000000000002
321,0,0.080575149919302161,0.44305345418882197,2.119042560951478,-1.3749606781979633,1002.7415104446487,63585.384326324383,0.40000000000000002
322,0,0.096691948187657126,0.44518258784104103,-0.62613335913761936,0.86927073928790988,1019.507318709967,389907.98043889418,0.40000000000000002
323,0,0.12234906141090771,0.44264554340804918,4.4102839908922551,-1.3219682407157842,1004.1829065709323,90970.8682272898,0.40000000000000002
324,0,0.13943556332415974,0.44514994016563492,2.8177700925765139,0.50274244658711542,1010.066947913397,202920.11456640039,0.40000000000000002
325,0,0.16396953286283189,0.44291524746290994,6.4891870733141541,-1.093177671377765,1004.1413127888547,89306.469369856102,0.40000000000000002
326,0,0.18180482373207421,0.44496350196181328,5.2400977047276447,0.027234229829055601,1009.8671821929656,204116.26320604066,0.40000000000000002
327,0,0.20529591084532139,0.44369878656691708,8.5981014622648342,-0.89123602512552502,1000.7973722668877,7166.1501066622459,0.40000000000000002
328,0,0.22414348801287112,0.44514215827855574,6.8739795895994629,-0.20697512045888877,1010.4145650313131,210449.57568289735,0.40000000000000002
329,0,0.2467061917474942,0.44496465927510731,10.450898676421648,-0.1669921076368342,993.46237082410744,0,0.40000000000000002
330,0,0.26654933742973563,0.44581264028069667,8.8625755589211543,-0.032036062653564568,1009.3304415092285,184314.30057459528,0.40000000000000002
331,0,0.28825388964629556,0.44624471349819034,11.998329170546864,0.51221299486530059,991.76574326805473,0,0.40000000000000002
332,0,0.30847877130350265,0.44664315737282456,10.443680575164004,0.31716652352169544,1004.9013094128414,96134.677407448122,0.40000000000000002
333,0,0.32993984673699089,0.44720864170118829,13.306500155692197,0.70203065048759306,994.09518145508491,0,0.40000000000000002
334,0,0.34921308114508903,0.44735932790114047,11.399562120856253,0.69336738359618699,1005.3903126225671,110865.61023607837,0.40000000000000002
335,0,0.36959861138126732,0.44785787964095713,13.387880933527228,-0.87873011910878329,856.54050167876505,0,0.40000000000000002
336,0,0.057755771088603011,0.46663293866126471,-3.017124305442584,0.11523287220589795,998.40736768110332,0,0.40000000000000002
337,0,0.079881371600270354,0.46579008452156107,2.8968428591709445,-0.74167764699864813,1007.3036085705961,147136.3625448134,0.40000000000000002
338,0,0.10116182152446454,0.46440721237017868,2.7157589638623008,0.88937944172345484,993.33741556073801,0,0.40000000000000002
339,0,0.12012881243653523,0.46588231970039401,3.9221274723952262,1.1090874811015559,1007.3717867384449,147549.44580871554,0.40000000000000002
340,0,0.14197418345455751,0.46394209794788505,4.7858000903758482,1.5847386308115912,1003.1060975433751,50097.214412712201,0.40000000000000002
341,0,0.16177949528505639,0.46529504698801166,6.0224066871057378,1.9511819165646578,1002.7438704009538,46356.648278524153,0.40000000000000002
342,0,0.18315391926688065,0.46388591986203626,6.2007102852857132,2.0688063183829533,1005.2236296054165,105522.17568012577,0.40000000000000002
343,0,0.20388633121936955,0.46439657534051348,8.1480895891255418,1.65944102448168,998.58209659824922,0,0.40000000000000002
344,0,0.22475109193275813,0.46345329044661471,7.445970837661136,1.7685811709059978,1004.5525992178781,94355.500541496396,0.40000000000000002
345,0,0.24606594169559476,0.4637079341928661,9.7041493110081554,1.0310840855119494,991.54192123285407,0,0.40000000000000002
346,0,0.26717134115404972,0.46305793774095427,9.1163165583768038,0.68077517230766915,1002.9677921148389,58334.429916753863,0.40000000000000002
347,0,0.28868990614497914,0.46390534545489603,11.260617179220271,0.033025231223300242,991.20110189723323,0,0.40000000000000002
348,0,0.3106975432475379,0.46337521234658641,11.599163881779875,-0.62716288029512213,1005.0070795082894,106302.19737072894,0.40000000000000002
349,0,0.33188475455709165,0.46596919417787708,13.479623550325767,-0.45185317487776766,998.08544106379384,0,0.40000000000000002
350,0,0.35567495284583311,0.46575563230286887,13.987833772584038,-1.6209795142077217,1001.120914516035,26781.118917750977,0.40000000000000002
351,0,0.37527224976652584,0.46977528294180126,14.634679898833244,-0.045175620887655039,787.87640590089143,0,0.40000000000000002
352,0,0.05335037012244398,0.48516005228439102,-3.442683738188641,-1.6410557582472673,1033.248970208899,680826.66701141524,0.40000000000000002
353,0,0.080450408882038638,0.48033006877312834,3.2866804776764464,-3.6495508593826558,1006.3271904377095,128717.57380019901,0.40000000000000002
354,0,0.094025796215380666,0.48490597183498169,-1.4048691693675355,-0.12075852371320606,1011.2440535597464,218367.10892168083,0.40000000000000002
355,0,0.12246921188848828,0.48067284890004941,5.2584561704299544,-2.6320684518511679,1006.1196971082838,128388.06939817077,0.40000000000000002
356,0,0.13928684468717575,0.4836187878277467,3.623226894840736,-0.70531382511840723,1005.3062894134217,105921.64312435014,0.40000000000000002
357,0,0.16362990113572884,0.48151850544927743,6.5783464328012435,-1.8093534799688802,1004.2033701113153,92066.408661979411,0.40000000000000002
358,0,0.18181364599578112,0.48282207393082188,5.6145030639596909,-1.2381438991443794,1006.3748955665113,134606.3641860093,0.40000000000000002
359,0,0.2049780483557043,0.48226157832959404,8.1826459278493662,-1.1463985746787071,1003.4317574947179,70531.39388795491,0.40000000000000002
360,0,0.22419445658248641,0.48296737273446522,7.1732464272058882,-1.2328955998347038,1007.9639947640828,158938.47045064182,0.40000000000000002
361,0,0.24675783370912988,0.48321957822179656,9.8505665997247807,-0.58062428160460644,998.20346203479028,0,0.40000000000000002
362,0,0.26667109807259537,0.4836800390220079,8.5859498311931066,-0.69556351797258209,1009.227343704517,182608.89774030921,0.40000000000000002
363,0,0.2888101041796215,0.48400229063295908,11.60169462929054,-0.0560790395397293,994.03402963982455,0,0.40000000000000002
364,0,0.30891974387868715,0.48410815536684654,9.7596581563201692,-0.089064351310207929,1006.1501787966598,130235.96848642787,0.40000000000000002
365,0,0.33140734014881246,0.48404604841734938,13.016530887445329,-0.53127581833034399,989.04095365989099,0,0.40000000000000002
366,0,0.3506796204912816,0.484791529453583,10.387206060609353,0.078287283948149655,1003.4743228465612,74393.275214334339,0.40000000000000002
367,0,0.37244218001180174,0.48664369478394603,12.815463959853792,-1.2703681400987497,882.6884623669016,0,0.40000000000000002
368,0,0.060837500242045331,0.50776747926764831,0.084456093290380063,-1.5685052411794245,976.5034012870741,0,0.40000000000000002
369,0,0.076271908997008156,0.50779925054674369,2.6004534854161383,-0.69146902199853455,996.7809315361892,0,0.40000000000000002
370,0,0.10456316626694587,0.49871389026203916,5.5202791671984084,-1.6961835700668748,928.75371850194028,0,0.40000000000000002
371,0,0.11864448451312265,0.50786977502042829,3.8107697856031626,3.2846534852741902,1006.0735730771502,104951.39440442009,0.40000000000000002
372,0,0.14171597003517389,0.50161552366404272,5.2125134435693408,1.000276125130706,979.0406403608564,0,0.40000000000000002
373,0,0.16156371043995035,0.5043304642601002,5.8352875762108551,2.8276189672050656,1005.7223356122061,117997.02491605065,0.40000000000000002
374,0,0.18243936597864097,0.50197023919412043,5.6960200332862945,1.2661552950503834,990.28762216033067,0,0.40000000000000002
375,0,0.20484170519909264,0.502206846891606,8.4469544202655484,1.1116247230928549,984.89855673671491,0,0.40000000000000002
376,0,0.22516021011298196,0.50140982124888966,7.3959345953325863,1.0253966728926953,997.19781053219469,0,0.40000000000000002
377,0,0.24760041535599669,0.50135222117751399,10.070948635813849,-0.069565073304236641,984.04747185993403,0,0.40000000000000002
378,0,0.26852627571147097,0.50038037971865279,9.5851018705548832,-0.19977763428128142,998.25181573332588,0,0.40000000000000002
379,0,0.29108847553172473,0.50203796802825951,11.989772486208349,-0.38825590416461608,996.92967047708828,0,0.40000000000000002
380,0,0.31246580054913753,0.50003529945097325,11.649235994305485,-1.6044618073969017,1002.0207719846294,42300.304041661053,0.40000000000000002
381,0,0.33587395100777867,0.50449014970146366,14.63700385347704,0.26601937851978408,1002.246659266017,48966.703514850502,0.40000000000000002
382,0,0.36074398409758185,0.50218826266952632,14.232611084880766,-2.1923176164148175,1001.4334072737087,36380.052530492714,0.40000000000000002
383,0,0.38304897624864143,0.5087787437349155,15.434384850098111,-0.2385065585375164,778.67825541490004,0,0.40000000000000002
384,0,0.047834459403382656,0.52635839069167678,4.6832432662692183,-9.8712614974621005,1046.3386450062405,1025067.498705672,0.40000000000000002
385,0,0.082458409397358948,0.51835551144476,8.0923183535373973,-7.3239068755707297,1017.0472039466563,322680.03775256593,0.40000000000000002
386,0,0.094439059885169707,0.52496853453376835,3.0687264726917101,-1.3027011019132406,989.20045472544041,0,0.40000000000000002
387,0,0.12230022047673166,0.52106092947357152,5.9710030927559901,-1.8332190023341932,1006.9235773042118,143981.19295346175,0.40000000000000002
388,0,0.13849730344993103,0.52143559150632102,4.597639045740201,-2.1015887091016028,998.7564364893127,0,0.40000000000000002
389,0,0.16276952329690542,0.52039974487953089,6.5598388233899705,-1.6139078473725568,991.42120801699707,0,0.40000000000000002
390,0,0.18142415551328978,0.52062652707962509,4.8905870274151741,-1.5743900468262442,1006.2639935363622,136141.06770882008,0.40000000000000002
391,0,0.20406710995939581,0.52068014973559751,8.2279229796107156,-1.6368573420579258,967.42154275226471,0,0.40000000000000002
392,0,0.22423029223338078,0.52092553805947139,6.7439141352539522,-1.2384920443348819,1007.8833941987663,166717.29851555932,0.40000000000000002
393,0,0.24547413772220877,0.52120041942136919,8.9885078131781224,-0.96357485695804435,981.93831659995647,0,0.40000000000000002
394,0,0.26677236557393358,0.5214678996628207,8.5063814722747022,-0.65685327762013102,1008.5589594011714,185423.9359946381,0.40000000000000002
395,0,0.28745976599030776,0.52072879787031356,10.092024416961269,-1.1836056517076519,988.07268418360229,0,0.40000000000000002
396,0,0.3094751791278903,0.521197515220299,10.390459972582562,-0.6829566008990301,1003.1341799727078,75927.687909984277,0.40000000000000002
397,0,0.33071341506605112,0.51794316570780996,11.972491731223586,-0.55786206640965452,990.68763496928864,0,0.40000000000000002
398,0,0.35452952107334579,0.51941144846919896,10.459107055710202,-0.51582624330224514,918.57549727485127,0,0.40000000000000002
399,0,0.37809536680361472,0.5215270124484771,12.320427364462649,-2.3617909925744169,901.50763644790095,0,0.40000000000000002
400,0,-0.014709498716212861,0.61468557136172386,-31.510705434881856,31.484022122574498,444.32181374534213,0,0.40000000000000002
401,0,0.074451011929605251,0.55256194046595286,10.757848919936327,-3.9307343681736002,1042.4997613088276,945422.03479491745,0.40000000000000002
402,0,0.094983666234088368,0.53993885660136787,4.7530265079176672,1.3448375624739151,978.7995497753293,0,0.40000000000000002
403,0,0.11817601839219537,0.54622055736129371,4.9517220437360878,4.5284913310578316,1017.0892151433235,350467.37765497831,0.40000000000000002
404,0,0.13807635215987227,0.54152922903539824,3.7399119642923861,2.5780967288218117,973.5837802178296,0,0.40000000000000002
405,0,0.16259963806097177,0.54246000861141663,6.9722451531712712,1.7902989322893641,954.73436086041431,0,0.40000000000000002
406,0,0.182682843717351,0.53982467433180503,5.5395069868679139,1.317578874519004,970.00304293645161,0,0.40000000000000002
407,0,0.20526465490777299,0.54139074526994668,8.4663199389384864,1.1987653832945842,955.54747670206461,0,0.40000000000000002
408,0,0.22640079562543658,0.53859964044132724,8.4823405506609646,0.042435788928223472,978.66677577883297,0,0.40000000000000002
409,0,0.24788686782549557,0.54031860983009039,9.9324591626730889,0.37585297402921825,982.81192472478028,0,0.40000000000000002
410,0,0.26851021540851189,0.53758253328054006,9.5528381271754412,-1.2847528110227437,997.57269588308998,0,0.40000000000000002
411,0,0.28978763259047058,0.54001794400846215,10.025725046437106,-0.93918144575334339,974.96378563642145,0,0.40000000000000002
412,0,0.31075982691182608,0.53843928194236912,12.747680572070017,-2.2402651014911026,1005.5748568959765,131770.87759641994,0.40000000000000002
413,0,0.32909078359325294,0.53757307288674172,12.443500105834628,-3.5717700629015878,869.10109258671639,0,0.40000000000000002
414,0,0.36643218495197094,0.53491882696025561,14.392304982040898,-5.102832616045645,791.23456498157384,0,0.40000000000000002
415,0,0.39845326322769559,0.54389158764274481,18.967989220663966,-2.3486732034672224,700.85935909728983,0,0.40000000000000002
416,1,0,0,0,0,1000,0,0.40000000000000002
417,1,0,0.02,0,0,1000,0,0.40000000000000002
418,1,0,0.040000000000000001,0,0,1000,0,0.40000000000000002
419,1,0,0.059999999999999998,0,0,1000,0,0.40000000000000002
420,1,0,0.080000000000000002,0,0,1000,0,0.40000000000000002
421,1,0,0.10000000000000001,0,0,1000,0,0.40000000000000002
422,1,0,0.12,0,0,1000,0,0.40000000000000002
423,1,0,0.14000000000000001,0,0,1000,0,0.40000000000000002
424,1,0,0.16,0,0,1000,0,0.40000000000000002
425,1,0,0.17999999999999999,0,0,1000,0,0.40000000000000002
426,1,0,0.20000000000000001,0,0,1000,0,0.40000000000000002
427,1,0,0.22,0,0,1000,0,0.40000000000000002
428,1,0,0.23999999999999999,0,0,1000,0,0.40000000000000002
429,1,0,0.26000000000000001,0,0,1000,0,0.40000000000000002
430,1,0,0.28000000000000003,0,0,1000,0,0.40000000000000002
431,1,0,0.29999999999999999,0,0,1000,0,0.40000000000000002
432,1,0,0.32000000000000001,0,0,1000,0,0.40000000000000002
433,1,0,0.34000000000000002,0,0,1000,0,0.40000000000000002
434,1,0,0.35999999999999999,0,0,1000,0,0.40000000000000002
435,1,0,0.38,0,0,1000,0,0.40000000000000002
436,1,0,0.40000000000000002,0,0,1000,0,0.40000000000000002
437,1,0,0.41999999999999998,0,0,1000,0,0.40000000000000002
438,1,0,0.44,0,0,1000,0,0.40000000000000002
439,1,0,0.46000000000000002,0,0,1000,0,0.40000000000000002
440,1,0,0.47999999999999998,0,0,1000,0,0.40000000000000002
441,1,0,0.5,0,0,1000,0,0.40000000000000002
442,1,0,0.52000000000000002,0,0,1000,0,0.40000000000000002
443,1,0,0.54000000000000004,0,0,1000,0,0.40000000000000002
444,1,0,0.56000000000000005,0,0,1000,0,0.40000000000000002
445,1,0,0.57999999999999996,0,0,1000,0,0.40000000000000002
446,1,0,0.59999999999999998,0,0,1000,0,0.40000000000000002
447,1,0.02,0,0,0,1000,0,0.40000000000000002
448,1,0.02,0.02,0,0,1000,0,0.40000000000000002
449,1,0.02,0.040000000000000001,0,0,1000,0,0.40000000000000002
450,1,0.02,0.059999999999999998,0,0,1000,0,0.40000000000000002
451,1,0.02,0.080000000000000002,0,0,1000,0,0.40000000000000002
452,1,0.02,0.10000000000000001,0,0,1000,0,0.40000000000000002
453,1,0.02,0.12,0,0,1000,0,0.40000000000000002
454,1,0.02,0.14000000000000001,0,0,1000,0,0.40000000000000002
455,1,0.02,0.16,0,0,1000,0,0.40000000000000002
456,1,0.02,0.17999999999999999,0,0,1000,0,0.40000000000000002
457,1,0.02,0.20000000000000001,0,0,1000,0,0.40000000000000002
458,1,0.02,0.22,0,0,1000,0,0.40000000000000002
459,1,0.02,0.23999999999999999,0,0,1000,0,0.40000000000000002
460,1,0.02,0.26000000000000001,0,0,1000,0,0.40000000000000002
461,1,0.02,0.28000000000000003,0,0,1000,0,0.40000000000000002
462,1,0.02,0.29999999999999999,0,0,1000,0,0.40000000000000002
463,1,0.02,0.32000000000000001,0,0,1000,0,0.40000000000000002
464,1,0.02,0.34000000000000002,0,0,1000,0,0.40000000000000002
465,1,0.02,0.35999999999999999,0,0,1000,0,0.40000000000000002
466,1,0.02,0.38,0,0,1000,0,0.40000000000000002
467,1,0.02,0.40000000000000002,0,0,1000,0,0.40000000000000002
468,1,0.02,0.41999999999999998,0,0,1000,0,0.40000000000000002
469,1,0.02,0.44,0,0,1000,0,0.40000000000000002
470,1,0.02,0.46000000000000002,0,0,1000,0,0.40000000000000002
471,1,0.02,0.47999999999999998,0,0,1000,0,0.40000000000000002
472,1,0.02,0.5,0,0,1000,0,0.40000000000000002
473,1,0.02,0.52000000000000002,0,0,1000,0,0.40000000000000002
474,1,0.02,0.54000000000000004,0,0,1000,0,0.40000000000000002
475,1,0.02,0.56000000000000005,0,0,1000,0,0.40000000000000002
476,1,0.02,0.57999999999999996,0,0,1000,0,0.40000000000000002
477,1,0.02,0.59999999999999998,0,0,1000,0,0.40000000000000002
478,1,0.040000000000000001,0,0,0,1000,0,0.40000000000000002
479,1,0.040000000000000001,0.02,0,0,1000,0,0.40000000000000002
480,1,0.040000000000000001,0.040000000000000001,0,0,1000,0,0.40000000000000002
481,1,0.040000000000000001,0.059999999999999998,0,0,1000,0,0.40000000000000002
482,1,0.040000000000000001,0.080000000000000002,0,0,1000,0,0.40000000000000002
483,1,0.040000000000000001,0.10000000000000001,0,0,1000,0,0.40000000000000002
484,1,0.040000000000000001,0.12,0,0,1000,0,0.40000000000000002
485,1,0.040000000000000001,0.14000000000000001,0,0,1000,0,0.40000000000000002
486,1,0.040000000000000001,0.16,0,0,1000,0,0.40000000000000002
487,1,0.040000000000000001,0.17999999999999999,0,0,1000,0,0.40000000000000002
488,1,0.040000000000000001,0.20000000000000001,0,0,1000,0,0.40000000000000002
489,1,0.040000000000000001,0.22,0,0,1000,0,0.40000000000000002
490,1,0.040000000000000001,0.23999999999999999,0,0,1000,0,0.40000000000000002
491,1,0.040000000000000001,0.26000000000000001,0,0,1000,0,0.40000000000000002
492,1,0.040000000000000001,0.28000000000000003,0,0,1000,0,0.40000000000000002
493,1,0.040000000000000001,0.29999999999999999,0,0,1000,0,0.40000000000000002
494,1,0.040000000000000001,0.32000000000000001,0,0,1000,0,0.40000000000000002
495,1,0.040000000000000001,0.34000000000000002,0,0,1000,0,0.40000000000000002
496,1,0.040000000000000001,0.35999999999999999,0,0,1000,0,0.40000000000000002
497,1,0.040000000000000001,0.38,0,0,1000,0,0.40000000000000002
498,1,0.040000000000000001,0.40000000000000002,0,0,1000,0,0.40000000000000002
499,1,0.040000000000000001,0.41999999999999998,0,0,1000,0,0.40000000000000002
500,1,0.040000000000000001,0.44,0,0,1000,0,0.40000000000000002
501,1,0.040000000000000001,0.46000000000000002,0,0,1000,0,0.40000000000000002
502,1,0.040000000000000001,0.47999999999999998,0,0,1000,0,0.40000000000000002
503,1,0.040000000000000001,0.5,0,0,1000,0,0.40000000000000002
504,1,0.040000000000000001,0.52000000000000002,0,0,1000,0,0.40000000000000002
505,1,0.040000000000000001,0.54000000000000004,0,0,1000,0,0.40000000000000002
506,1,0.040000000000000001,0.56000000000000005,0,0,1000,0,0.40000000000000002
507,1,0.040000000000000001,0.57999999999999996,0,0,1000,0,0.40000000000000002
508,1,0.040000000000000001,0.59999999999999998,0,0,1000,0,0.40000000000000002
509,1,0.059999999999999998,0,0,0,1000,0,0.40000000000000002
510,1,0.059999999999999998,0.02,0,0,1000,0,0.40000000000000002
511,1,0.059999999999999998,0.040000000000000001,0,0,1000,0,0.40000000000000002
512,1,0.059999999999999998,0.56000000000000005,0,0,1000,0,0.40000000000000002
513,1,0.059999999999999998,0.57999999999999996,0,0,1000,0,0.40000000000000002
514,1,0.059999999999999998,0.59999999999999998,0,0,1000,0,0.40000000000000002
515,1,0.080000000000000002,0,0,0,1000,0,0.40000000000000002
516,1,0.080000000000000002,0.02,0,0,1000,0,0.40000000000000002
517,1,0.080000000000000002,0.040000000000000001,0,0,1000,0,0.40000000000000002
518,1,0.080000000000000002,0.56000000000000005,0,0,1000,0,0.40000000000000002
519,1,0.080000000000000002,0.57999999999999996,0,0,1000,0,0.40000000000000002
520,1,0.080000000000000002,0.59999999999999998,0,0,1000,0,0.40000000000000002
521,1,0.10000000000000001,0,0,0,1000,0,0.40000000000000002
522,1,0.10000000000000001,0.02,0,0,1000,0,0.40000000000000002
523,1,0.10000000000000001,0.040000000000000001,0,0,1000,0,0.40000000000000002
524,1,0.10000000000000001,0.56000000000000005,0,0,1000,0,0.40000000000000002
525,1,0.10000000000000001,0.57999999999999996,0,0,1000,0,0.40000000000000002
526,1,0.10000000000000001,0.59999999999999998,0,0,1000,0,0.40000000000000002
527,1,0.12,0,0,0,1000,0,0.40000000000000002
528,1,0.12,0.02,0,0,1000,0,0.40000000000000002
529,1,0.12,0.040000000000000001,0,0,1000,0,0.40000000000000002
530,1,0.12,0.56000000000000005,0,0,1000,0,0.40000000000000002
531,1,0.12,0.57999999999999996,0,0,1000,0,0.40000000000000002
532,1,0.12,0.59999999999999998,0,0,1000,0,0.40000000000000002
533,1,0.14000000000000001,0,0,0,1000,0,0.40000000000000002
534,1,0.14000000000000001,0.02,0,0,1000,0,0.40000000000000002
535,1,0.14000000000000001,0.040000000000000001,0,0,1000,0,0.40000000000000002
536,1,0.14000000000000001,0.56000000000000005,0,0,1000,0,0.40000000000000002
537,1,0.14000000000000001,0.57999999999999996,0,0,1000,0,0.40000000000000002
538,1,0.14000000000000001,0.59999999999999998,0,0,1000,0,0.40000000000000002
539,1,0.16,0,0,0,1000,0,0.40000000000000002
540,1,0.16,0.02,0,0,1000,0,0.40000000000000002
541,1,0.16,0.040000000000000001,0,0,1000,0,0.40000000000000002
542,1,0.16,0.56000000000000005,0,0,1000,0,0.40000000000000002
543,1,0.16,0.57999999999999996,0,0,1000,0,0.40000000000000002
544,1,0.16,0.59999999999999998,0,0,1000,0,0.40000000000000002
545,1,0.17999999999999999,0,0,0,1000,0,0.40000000000000002
546,1,0.17999999999999999,0.02,0,0,1000,0,0.40000000000000002
547,1,0.17999999999999999,0.040000000000000001,0,0,1000,0,0.40000000000000002
548,1,0.17999999999999999,0.56000000000000005,0,0,1000,0,0.40000000000000002
549,1,0.17999999999999999,0.57999999999999996,0,0,1000,0,0.40000000000000002
550,1,0.17999999999999999,0.59999999999999998,0,0,1000,0,0.40000000000000002
551,1,0.20000000000000001,0,0,0,1000,0,0.40000000000000002
552,1,0.20000000000000001,0.02,0,0,1000,0,0.40000000000000002
553,1,0.20000000000000001,0.040000000000000001,0,0,1000,0,0.40000000000000002
554,1,0.20000000000000001,0.56000000000000005,0,0,1000,0,0.40000000000000002
555,1,0.20000000000000001,0.57999999999999996,0,0,1000,0,0.40000000000000002
556,1,0.20000000000000001,0.59999999999999998,0,0,1000,0,0.40000000000000002
557,1,0.22,0,0,0,1000,0,0.40000000000000002
558,1,0.22,0.02,0,0,1000,0,0.40000000000000002
559,1,0.22,0.040000000000000001,0,0,1000,0,0.40000000000000002
560,1,0.22,0.56000000000000005,0,0,1000,0,0.40000000000000002
561,1,0.22,0.57999999999999996,0,0,1000,0,0.40000000000000002
562,1,0.22,0.59999999999999998,0,0,1000,0,0.40000000000000002
563,1,0.23999999999999999,0,0,0,1000,0,0.40000000000000002
564,1,0.23999999999999999,0.02,0,0,1000,0,0.40000000000000002
565,1,0.23999999999999999,0.040000000000000001,0,0,1000,0,0.40000000000000002
566,1,0.23999999999999999,0.56000000000000005,0,0,1000,0,0.40000000000000002
567,1,0.23999999999999999,0.57999999999999996,0,0,1000,0,0.40000000000000002
568,1,0.23999999999999999,0.59999999999999998,0,0,1000,0,0.40000000000000002
569,1,0.26000000000000001,0,0,0,1000,0,0.40000000000000002
570,1,0.26000000000000001,0.02,0,0,1000,0,0.40000000000000002
571,1,0.26000000000000001,0.040000000000000001,0,0,1000,0,0.40000000000000002
572,1,0.26000000000000001,0.56000000000000005,0,0,1000,0,0.40000000000000002
573,1,0.26000000000000001,0.57999999999999996,0,0,1000,0,0.40000000000000002
574,1,0.26000000000000001,0.59999999999999998,0,0,1000,0,0.40000000000000002
575,1,0.28000000000000003,0,0,0,1000,0,0.40000000000000002
576,1,0.28000000000000003,0.02,0,0,1000,0,0.40000000000000002
577,1,0.28000000000000003,0.040000000000000001,0,0,1000,0,0.40000000000000002
578,1,0.28000000000000003,0.56000000000000005,0,0,1000,0,0.40000000000000002
579,1,0.28000000000000003,0.57999999999999996,0,0,1000,0,0.40000000000000002
580,1,0.28000000000000003,0.59999999999999998,0,0,1000,0,0.40000000000000002
581,1,0.29999999999999999,0,0,0,1000,0,0.40000000000000002
582,1,0.29999999999999999,0.02,0,0,1000,0,0.40000000000000002
583,1,0.29999999999999999,0.040000000000000001,0,0,1000,0,0.40000000000000002
584,1,0.29999999999999999,0.56000000000000005,0,0,1000,0,0.40000000000000002
585,1,0.29999999999999999,0.57999999999999996,0,0,1000,0,0.40000000000000002
586,1,0.29999999999999999,0.59999999999999998,0,0,1000,0,0.40000000000000002
587,1,0.32000000000000001,0,0,0,1000,0,0.40000000000000002
588,1,0.32000000000000001,0.02,0,0,1000,0,0.40000000000000002
589,1,0.32000000000000001,0.040000000000000001,0,0,1000,0,0.40000000000000002
590,1,0.32000000000000001,0.56000000000000005,0,0,1000,0,0.40000000000000002
591,1,0.32000000000000001,0.57999999999999996,0,0,1000,0,0.40000000000000002
592,1,0.32000000000000001,0.59999999999999998,0,0,1000,0,0.40000000000000002
593,1,0.34000000000000002,0,0,0,1000,0,0.40000000000000002
594,1,0.34000000000000002,0.02,0,0,1000,0,0.40000000000000002
595,1,0.34000000000000002,0.040000000000000001,0,0,1000,0,0.40000000000000002
596,1,0.34000000000000002,0.56000000000000005,0,0,1000,0,0.40000000000000002
597,1,0.34000000000000002,0.57999999999999996,0,0,1000,0,0.40000000000000002
598,1,0.34000000000000002,0.59999999999999998,0,0,1000,0,0.40000000000000002
599,1,0.35999999999999999,0,0,0,1000,0,0.40000000000000002
600,1,0.35999999999999999,0.02,0,0,1000,0,0.40000000000000002
601,1,0.35999999999999999,0.040000000000000001,0,0,1000,0,0.40000000000000002
602,1,0.35999999999999999,0.56000000000000005,0,0,1000,0,0.40000000000000002
603,1,0.35999999999999999,0.57999999999999996,0,0,1000,0,0.40000000000000002
604,1,0.35999999999999999,0.59999999999999998,0,0,1000,0,0.40000000000000002
605,1,0.38,0,0,0,1000,0,0.40000000000000002
606,1,0.38,0.02,0,0,1000,0,0.40000000000000002
607,1,0.38,0.040000000000000001,0,0,1000,0,0.40000000000000002
608,1,0.38,0.56000000000000005,0,0,1000,0,0.40000000000000002
609,1,0.38,0.57999999999999996,0,0,1000,0,0.40000000000000002
610,1,0.38,0.59999999999999998,0,0,1000,0,0.40000000000000002
611,1,0.40000000000000002,0,0,0,1000,0,0.40000000000000002
612,1,0.40000000000000002,0.02,0,0,1000,0,0.40000000000000002
613,1,0.40000000000000002,0.040000000000000001,0,0,1000,0,0.40000000000000002
614,1,0.40000000000000002,0.56000000000000005,0,0,1000,0,0.40000000000000002
615,1,0.40000000000000002,0.57999999999999996,0,0,1000,0,0.40000000000000002
616,1,0.40000000000000002,0.59999999999999998,0,0,1000,0,0.40000000000000002
617,1,0.41999999999999998,0,0,0,1000,0,0.40000000000000002
618,1,0.41999999999999998,0.02,0,0,1000,0,0.40000000000000002
619,1,0.41999999999999998,0.040000000000000001,0,0,1000,0,0.40000000000000002
620,1,0.41999999999999998,0.56000000000000005,0,0,1000,0,0.40000000000000002
621,1,0.41999999999999998,0.57999999999999996,0,0,1000,0,0.40000000000000002
622,1,0.41999999999999998,0.59999999999999998,0,0,1000,0,0.40000000000000002
623,1,0.44,0,0,0,1000,0,0.40000000000000002
624,1,0.44,0.02,0,0,1000,0,0.40000000000000002
625,1,0.44,0.040000000000000001,0,0,1000,0,0.40000000000000002
626,1,0.44,0.56000000000000005,0,0,1000,0,0.40000000000000002
627,1,0.44,0.57999999999999996,0,0,1000,0,0.40000000000000002
628,1,0.44,0.59999999999999998,0,0,1000,0,0.40000000000000002
629,1,0.46000000000000002,0,0,0,1000,0,0.40000000000000002
630,1,0.46000000000000002,0.02,0,0,1000,0,0.40000000000000002
631,1,0.46000000000000002,0.040000000000000001,0,0,1000,0,0.40000000000000002
632,1,0.46000000000000002,0.56000000000000005,0,0,1000,0,0.40000000000000002
633,1,0.46000000000000002,0.57999999999999996,0,0,1000,0,0.40000000000000002
634,1,0.46000000000000002,0.59999999999999998,0,0,1000,0,0.40000000000000002
635,1,0.47999999999999998,0,0,0,1000,0,0.40000000000000002
636,1,0.47999999999999998,0.02,0,0,1000,0,0.40000000000000002
637,1,0.47999999999999998,0.040000000000000001,0,0,1000,0,0.40000000000000002
638,1,0.47999999999999998,0.56000000000000005,0,0,1000,0,0.40000000000000002
639,1,0.47999999999999998,0.57999999999999996,0,0,1000,0,0.40000000000000002
640,1,0.47999999999999998,0.59999999999999998,0,0,1000,0,0.40000000000000002
641,1,0.5,0,0,0,1000,0,0.40000000000000002
642,1,0.5,0.02,0,0,1000,0,0.40000000000000002
643,1,0.5,0.040000000000000001,0,0,1000,0,0.40000000000000002
644,1,0.5,0.56000000000000005,0,0,1000,0,0.40000000000000002
645,1,0.5,0.57999999999999996,0,0,1000,0,0.40000000000000002
646,1,0.5,0.59999999999999998,0,0,1000,0,0.40000000000000002
647,1,0.52000000000000002,0,0,0,1000,0,0.40000000000000002
648,1,0.52000000000000002,0.02,0,0,1000,0,0.40000000000000002
649,1,0.52000000000000002,0.040000000000000001,0,0,1000,0,0.40000000000000002
650,1,0.52000000000000002,0.56000000000000005,0,0,1000,0,0.40000000000000002
651,1,0.52000000000000002,0.57999999999999996,0,0,1000,0,0.40000000000000002
652,1,0.52000000000000002,0.59999999999999998,0,0,1000,0,0.40000000000000002
653,1,0.54000000000000004,0,0,0,1000,0,0.40000000000000002
654,1,0.54000000000000004,0.02,0,0,1000,0,0.40000000000000002
655,1,0.54000000000000004,0.040000000000000001,0,0,1000,0,0.40000000000000002
656,1,0.54000000000000004,0.56000000000000005,0,0,1000,0,0.40000000000000002
657,1,0.54000000000000004,0.57999999999999996,0,0,1000,0,0.40000000000000002
658,1,0.54000000000000004,0.59999999999999998,0,0,1000,0,0.40000000000000002
659,1,0.56000000000000005,0,0,0,1000,0,0.40000000000000002
660,1,0.56000000000000005,0.02,0,0,1000,0,0.40000000000000002
661,1,0.56000000000000005,0.040000000000000001,0,0,1000,0,0.40000000000000002
662,1,0.56000000000000005,0.56000000000000005,0,0,1000,0,0.40000000000000002
663,1,0.56000000000000005,0.57999999999999996,0,0,1000,0,0.40000000000000002
664,1,0.56000000000000005,0.59999999999999998,0,0,1000,0,0.40000000000000002
665,1,0.57999999999999996,0,0,0,1000,0,0.40000000000000002
666,1,0.57999999999999996,0.02,0,0,1000,0,0.40000000000000002
667,1,0.57999999999999996,0.040000000000000001,0,0,1000,0,0.40000000000000002
668,1,0.57999999999999996,0.56000000000000005,0,0,1000,0,0.40000000000000002
669,1,0.57999999999999996,0.57999999999999996,0,0,1000,0,0.40000000000000002
670,1,0.57999999999999996,0.59999999999999998,0,0,1000,0,0.40000000000000002
671,1,0.59999999999999998,0,0,0,1000,0,0.40000000000000002
672,1,0.59999999999999998,0.02,0,0,1000,0,0.40000000000000002
673,1,0.59999999999999998,0.040000000000000001,0,0,1000,0,0.40000000000000002
674,1,0.59999999999999998,0.56000000000000005,0,0,1000,0,0.40000000000000002
675,1,0.59999999999999998,0.57999999999999996,0,0,1000,0,0.40000000000000002
676,1,0.59999999999999998,0.59999999999999998,0,0,1000,0,0.40000000000000002
677,1,0.62,0,0,0,1000,0,0.40000000000000002
678,1,0.62,0.02,0,0,1000,0,0.40000000000000002
679,1,0.62,0.040000000000000001,0,0,1000,0,0.40000000000000002
680,1,0.62,0.56000000000000005,0,0,1000,0,0.40000000000000002
681,1,0.62,0.57999999999999996,0,0,1000,0,0.40000000000000002
682,1,0.62,0.59999999999999998,0,0,1000,0,0.40000000000000002
683,1,0.64000000000000001,0,0,0,1000,0,0.40000000000000002
684,1,0.64000000000000001,0.02,0,0,1000,0,0.40000000000000002
685,1,0.64000000000000001,0.040000000000000001,0,0,1000,0,0.40000000000000002
686,1,0.64000000000000001,0.56000000000000005,0,0,1000,0,0.40000000000000002
687,1,0.64000000000000001,0.57999999999999996,0,0,1000,0,0.40000000000000002
688,1,0.64000000000000001,0.59999999999999998,0,0,1000,0,0.40000000000000002
689,1,0.66000000000000003,0,0,0,1000,0,0.40000000000000002
690,1,0.66000000000000003,0.02,0,0,1000,0,0.40000000000000002
691,1,0.66000000000000003,0.040000000000000001,0,0,1000,0,0.40000000000000002
692,1,0.66000000000000003,0.56000000000000005,0,0,1000,0,0.40000000000000002
693,1,0.66000000000000003,0.57999999999999996,0,0,1000,0,0.40000000000000002
694,1,0.66000000000000003,0.59999999999999998,0,0,1000,0,0.40000000000000002
695,1,0.68000000000000005,0,0,0,1000,0,0.40000000000000002
696,1,0.68000000000000005,0.02,0,0,1000,0,0.40000000000000002
697,1,0.68000000000000005,0.040000000000000001,0,0,1000,0,0.40000000000000002
698,1,0.68000000000000005,0.56000000000000005,0,0,1000,0,0.40000000000000002
699,1,0.68000000000000005,0.57999999999999996,0,0,1000,0,0.40000000000000002
700,1,0.68000000000000005,0.59999999999999998,0,0,1000,0,0.40000000000000002
701,1,0.70000000000000007,0,0,0,1000,0,0.40000000000000002
702,1,0.70000000000000007,0.02,0,0,1000,0,0.40000000000000002
703,1,0.70000000000000007,0.040000000000000001,0,0,1000,0,0.40000000000000002
704,1,0.70000000000000007,0.56000000000000005,0,0,1000,0,0.40000000000000002
705,1,0.70000000000000007,0.57999999999999996,0,0,1000,0,0.40000000000000002
706,1,0.70000000000000007,0.59999999999999998,0,0,1000,0,0.40000000000000002
707,1,0.71999999999999997,0,0,0,1000,0,0.40000000000000002
708,1,0.71999999999999997,0.02,0,0,1000,0,0.40000000000000002
709,1,0.71999999999999997,0.040000000000000001,0,0,1000,0,0.40000000000000002
710,1,0.71999999999999997,0.56000000000000005,0,0,1000,0,0.40000000000000002
711,1,0.71999999999999997,0.57999999999999996,0,0,1000,0,0.40000000000000002
712,1,0.71999999999999997,0.59999999999999998,0,0,1000,0,0.40000000000000002
713,1,0.73999999999999999,0,0,0,1000,0,0.40000000000000002
714,1,0.73999999999999999,0.02,0,0,1000,0,0.40000000000000002
715,1,0.73999999999999999,0.040000000000000001,0,0,1000,0,0.40000000000000002
716,1,0.73999999999999999,0.56000000000000005,0,0,1000,0,0.40000000000000002
717,1,0.73999999999999999,0.57999999999999996,0,0,1000,0,0.40000000000000002
718,1,0.73999999999999999,0.59999999999999998,0,0,1000,0,0.40000000000000002
719,1,0.76000000000000001,0,0,0,1000,0,0.40000000000000002
720,1,0.76000000000000001,0.02,0,0,1000,0,0.40000000000000002
721,1,0.76000000000000001,0.040000000000000001,0,0,1000,0,0.40000000000000002
722,1,0.76000000000000001,0.56000000000000005,0,0,1000,0,0.40000000000000002
723,1,0.76000000000000001,0.57999999999999996,0,0,1000,0,0.40000000000000002
724,1,0.76000000000000001,0.59999999999999998,0,0,1000,0,0.40000000000000002
725,1,0.78000000000000003,0,0,0,1000,0,0.40000000000000002
726,1,0.78000000000000003,0.02,0,0,1000,0,0.40000000000000002
727,1,0.78000000000000003,0.040000000000000001,0,0,1000,0,0.40000000000000002
728,1,0.78000000000000003,0.56000000000000005,0,0,1000,0,0.40000000000000002
729,1,0.78000000000000003,0.57999999999999996,0,0,1000,0,0.40000000000000002
730,1,0.78000000000000003,0.59999999999999998,0,0,1000,0,0.40000000000000002
731,1,0.80000000000000004,0,0,0,1000,0,0.40000000000000002
732,1,0.80000000000000004,0.02,0,0,1000,0,0.40000000000000002
733,1,0.80000000000000004,0.040000000000000001,0,0,1000,0,0.40000000000000002
734,1,0.80000000000000004,0.56000000000000005,0,0,1000,0,0.40000000000000002
735,1,0.80000000000000004,0.57999999999999996,0,0,1000,0,0.40000000000000002
736,1,0.80000000000000004,0.59999999999999998,0,0,1000,0,0.40000000000000002
737,1,0.82000000000000006,0,0,0,1000,0,0.40000000000000002
738,1,0.82000000000000006,0.02,0,0,1000,0,0.40000000000000002
739,1,0.82000000000000006,0.040000000000000001,0,0,1000,0,0.40000000000000002
740,1,0.82000000000000006,0.56000000000000005,0,0,1000,0,0.40000000000000002
741,1,0.82000000000000006,0.57999999999999996,0,0,1000,0,0.40000000000000002
742,1,0.82000000000000006,0.59999999999999998,0,0,1000,0,0.40000000000000002
743,1,0.83999999999999997,0,0,0,1000,0,0.40000000000000002
744,1,0.83999999999999997,0.02,0,0,1000,0,0.40000000000000002
745,1,0.83999999999999997,0.040000000000000001,0,0,1000,0,0.40000000000000002
746,1,0.83999999999999997,0.56000000000000005,0,0,1000,0,0.40000000000000002
747,1,0.83999999999999997,0.57999999999999996,0,0,1000,0,0.40000000000000002
748,1,0.83999999999999997,0.59999999999999998,0,0,1000,0,0.40000000000000002
749,1,0.85999999999999999,0,0,0,1000,0,0.40000000000000002
750,1,0.85999999999999999,0.02,0,0,1000,0,0.40000000000000002
751,1,0.85999999999999999,0.040000000000000001,0,0,1000,0,0.40000000000000002
752,1,0.85999999999999999,0.56000000000000005,0,0,1000,0,0.40000000000000002
753,1,0.85999999999999999,0.57999999999999996,0,0,1000,0,0.40000000000000002
754,1,0.85999999999999999,0.59999999999999998,0,0,1000,0,0.40000000000000002
755,1,0.88,0,0,0,1000,0,0.40000000000000002
756,1,0.88,0.02,0,0,1000,0,0.40000000000000002
757,1,0.88,0.040000000000000001,0,0,1000,0,0.40000000000000002
758,1,0.88,0.56000000000000005,0,0,1000,0,0.40000000000000002
759,1,0.88,0.57999999999999996,0,0,1000,0,0.40000000000000002
760,1,0.88,0.59999999999999998,0,0,1000,0,0.40000000000000002
761,1,0.90000000000000002,0,0,0,1000,0,0.40000000000000002
762,1,0.90000000000000002,0.02,0,0,1000,0,0.40000000000000002
763,1,0.90000000000000002,0.040000000000000001,0,0,1000,0,0.40000000000000002
764,1,0.90000000000000002,0.56000000000000005,0,0,1000,0,0.40000000000000002
765,1,0.90000000000000002,0.57999999999999996,0,0,1000,0,0.40000000000000002
766,1,0.90000000000000002,0.59999999999999998,0,0,1000,0,0.40000000000000002
767,1,0.92000000000000004,0,0,0,1000,0,0.40000000000000002
768,1,0.92000000000000004,0.02,0,0,1000,0,0.40000000000000002
769,1,0.92000000000000004,0.040000000000000001,0,0,1000,0,0.40000000000000002
770,1,0.92000000000000004,0.56000000000000005,0,0,1000,0,0.40000000000000002
771,1,0.92000000000000004,0.57999999999999996,0,0,1000,0,0.40000000000000002
772,1,0.92000000000000004,0.59999999999999998,0,0,1000,0,0.40000000000000002
773,1,0.94000000000000006,0,0,0,1000,0,0.40000000000000002
774,1,0.94000000000000006,0.02,0,0,1000,0,0.40000000000000002
775,1,0.94000000000000006,0.040000000000000001,0,0,1000,0,0.40000000000000002
776,1,0.94000000000000006,0.56000000000000005,0,0,1000,0,0.40000000000000002
777,1,0.94000000000000006,0.57999999999999996,0,0,1000,0,0.40000000000000002
778,1,0.94000000000000006,0.59999999999999998,0,0,1000,0,0.40000000000000002
779,1,0.95999999999999996,0,0,0,1000,0,0.40000000000000002
780,1,0.95999999999999996,0.02,0,0,1000,0,0.40000000000000002
781,1,0.95999999999999996,0.040000000000000001,0,0,1000,0,0.40000000000000002
782,1,0.95999999999999996,0.059999999999999998,0,0,1000,0,0.40000000000000002
783,1,0.95999999999999996,0.080000000000000002,0,0,1000,0,0.40000000000000002
784,1,0.95999999999999996,0.10000000000000001,0,0,1000,0,0.40000000000000002
785,1,0.95999999999999996,0.12,0,0,1000,0,0.40000000000000002
786,1,0.95999999999999996,0.14000000000000001,0,0,1000,0,0.40000000000000002
787,1,0.95999999999999996,0.16,0,0,1000,0,0.40000000000000002
788,1,0.95999999999999996,0.17999999999999999,0,0,1000,0,0.40000000000000002
789,1,0.95999999999999996,0.20000000000000001,0,0,1000,0,0.40000000000000002
790,1,0.95999999999999996,0.22,0,0,1000,0,0.40000000000000002
791,1,0.95999999999999996,0.23999999999999999,0,0,1000,0,0.40000000000000002
792,1,0.95999999999999996,0.26000000000000001,0,0,1000,0,0.40000000000000002
793,1,0.95999999999999996,0.28000000000000003,0,0,1000,0,0.40000000000000002
794,1,0.95999999999999996,0.29999999999999999,0,0,1000,0,0.40000000000000002
795,1,0.95999999999999996,0.32000000000000001,0,0,1000,0,0.40000000000000002
796,1,0.95999999999999996,0.34000000000000002,0,0,1000,0,0.40000000000000002
797,1,0.95999999999999996,0.35999999999999999,0,0,1000,0,0.40000000000000002
798,1,0.95999999999999996,0.38,0,0,1000,0,0.40000000000000002
799,1,0.95999999999999996,0.40000000000000002,0,0,1000,0,0.40000000000000002
800,1,0.95999999999999996,0.41999999999999998,0,0,1000,0,0.40000000000000002
801,1,0.95999999999999996,0.44,0,0,1000,0,0.40000000000000002
802,1,0.95999999999999996,0.46000000000000002,0,0,1000,0,0.40000000000000002
803,1,0.95999999999999996,0.47999999999999998,0,0,1000,0,0.40000000000000002
804,1,0.95999999999999996,0.5,0,0,1000,0,0.40000000000000002
805,1,0.95999999999999996,0.52000000000000002,0,0,1000,0,0.40000000000000002
806,1,0.95999999999999996,0.54000000000000004,0,0,1000,0,0.40000000000000002
807,1,0.95999999999999996,0.56000000000000005,0,0,1000,0,0.40000000000000002
808,1,0.95999999999999996,0.57999999999999996,0,0,1000,0,0.40000000000000002
809,1,0.95999999999999996,0.59999999999999998,0,0,1000,0,0.40000000000000002
810,1,0.97999999999999998,0,0,0,1000,0,0.40000000000000002
811,1,0.97999999999999998,0.02,0,0,1000,0,0.40000000000000002
812,1,0.97999999999999998,0.040000000000000001,0,0,1000,0,0.40000000000000002
813,1,0.97999999999999998,0.059999999999999998,0,0,1000,0,0.40000000000000002
814,1,0.97999999999999998,0.080000000000000002,0,0,1000,0,0.40000000000000002
815,1,0.97999999999999998,0.10000000000000001,0,0,1000,0,0.40000000000000002
816,1,0.97999999999999998,0.12,0,0,1000,0,0.40000000000000002
817,1,0.97999999999999998,0.14000000000000001,0,0,1000,0,0.40000000000000002
818,1,0.97999999999999998,0.16,0,0,1000,0,0.40000000000000002
819,1,0.97999999999999998,0.17999999999999999,0,0,1000,0,0.40000000000000002
820,1,0.97999999999999998,0.20000000000000001,0,0,1000,0,0.40000000000000002
821,1,0.97999999999999998,0.22,0,0,1000,0,0.40000000000000002
822,1,0.97999999999999998,0.23999999999999999,0,0,1000,0,0.40000000000000002
823,1,0.97999999999999998,0.26000000000000001,0,0,1000,0,0.40000000000000002
824,1,0.97999999999999998,0.28000000000000003,0,0,1000,0,0.40000000000000002
825,1,0.97999999999999998,0.29999999999999999,0,0,1000,0,0.40000000000000002
826,1,0.97999999999999998,0.32000000000000001,0,0,1000,0,0.40000000000000002
827,1,0.97999999999999998,0.34000000000000002,0,0,1000,0,0.40000000000000002
828,1,0.97999999999999998,0.35999999999999999,0,0,1000,0,0.40000000000000002
829,1,0.97999999999999998,0.38,0,0,1000,0,0.40000000000000002
830,1,0.97999999999999998,0.40000000000000002,0,0,1000,0,0.40000000000000002
831,1,0.97999999999999998,0.41999999999999998,0,0,1000,0,0.40000000000000002
832,1,0.97999999999999998,0.44,0,0,1000,0,0.40000000000000002
833,1,0.97999999999999998,0.46000000000000002,0,0,1000,0,0.40000000000000002
834,1,0.97999999999999998,0.47999999999999998,0,0,1000,0,0.40000000000000002
835,1,0.97999999999999998,0.5,0,0,1000,0,0.40000000000000002
836,1,0.97999999999999998,0.52000000000000002,0,0,1000,0,0.40000000000000002
837,1,0.97999999999999998,0.54000000000000004,0,0,1000,0,0.40000000000000002
838,1,0.97999999999999998,0.56000000000000005,0,0,1000,0,0.40000000000000002
839,1,0.97999999999999998,0.57999999999999996,0,0,1000,0,0.40000000000000002
840,1,0.97999999999999998,0.59999999999999998,0,0,1000,0,0.40000000000000002
841,1,1,0,0,0,1000,0,0.40000000000000002
842,1,1,0.02,0,0,1000,0,0.40000000000000002
843,1,1,0.040000000000000001,0,0,1000,0,0.40000000000000002
844,1,1,0.059999999999999998,0,0,1000,0,0.40000000000000002
845,1,1,0.080000000000000002,0,0,1000,0,0.40000000000000002
846,1,1,0.10000000000000001,0,0,1000,0,0.40000000000000002
847,1,1,0.12,0,0,1000,0,0.40000000000000002
848,1,1,0.14000000000000001,0,0,1000,0,0.40000000000000002
849,1,1,0.16,0,0,1000,0,0.40000000000000002
850,1,1,0.17999999999999999,0,0,1000,0,0.40000000000000002
851,1,1,0.20000000000000001,0,0,1000,0,0.40000000000000002
852,1,1,0.22,0,0,1000,0,0.40000000000000002
853,1,1,0.23999999999999999,0,0,1000,0,0.40000000000000002
854,1,1,0.26000000000000001,0,0,1000,0,0.40000000000000002
855,1,1,0.28000000000000003,0,0,1000,0,0.40000000000000002
856,1,1,0.29999999999999999,0,0,1000,0,0.40000000000000002
857,1,1,0.32000000000000001,0,0,1000,0,0.40000000000000002
858,1,1,0.34000000000000002,0,0,1000,0,0.40000000000000002
859,1,1,0.35999999999999999,0,0,1000,0,0.40000000000000002
860,1,1,0.38,0,0,1000,0,0.40000000000000002
861,1,1,0.40000000000000002,0,0,1000,0,0.40000000000000002
862,1,1,0.41999999999999998,0,0,1000,0,0.40000000000000002
863,1,1,0.44,0,0,1000,0,0.40000000000000002
864,1,1,0.46000000000000002,0,0,1000,0,0.40000000000000002
865,1,1,0.47999999999999998,0,0,1000,0,0.40000000000000002
866,1,1,0.5,0,0,1000,0,0.40000000000000002
867,1,1,0.52000000000000002,0,0,1000,0,0.40000000000000002
868,1,1,0.54000000000000004,0,0,1000,0,0.40000000000000002
869,1,1,0.56000000000000005,0,0,1000,0,0.40000000000000002
870,1,1,0.57999999999999996,0,0,1000,0,0.40000000000000002
871,1,1,0.59999999999999998,0,0,1000,0,0.40000000000000002
