step,t,dt,vmax,rho_min,rho_avg,rho_max,err_avg_pct,p_min,p_avg,p_max,neigh_min,neigh_avg,neigh_max
1,0.0002,0.0002,0.839039957734798,849.3229212992115,1000.0,1009.0325247172013,-7.827072323607354e-15,0.0,303506.1486097041,602124.0849321635,5,8.651428571428571,9
2,0.0004,0.0002,0.839059957734798,849.5892883143061,1000.0,1009.949140640749,-1.0150610510858574e-15,0.0,128564.07664211495,502314.70258507284,5,8.651428571428571,9
3,0.0006000000000000001,0.0002,0.839079957734798,849.6241319469259,999.8892215882568,1010.0208176707241,-0.011077841174315015,0.0,9281.879424291705,68686.0687348261,5,8.651428571428571,9
4,0.0008,0.0002,0.8390999577347981,848.9979774428185,999.1192394998517,1010.0000028041691,-0.08807605001483067,0.0,1428.6554176112766,27802.98398610627,5,8.651428571428571,9
5,0.001,0.0002,0.8391199577347981,848.3679533277777,998.3548350327413,1009.9796150700608,-0.1645164967258636,0.0,0.0,0.0,5,8.651428571428571,9
6,0.0012000000000000001,0.0002,0.8391399577347981,847.7340780450529,997.5966447463239,1009.9617500550684,-0.2403355253676124,0.0,0.0,0.0,5,8.651428571428571,9
7,0.0014000000000000002,0.0002,0.8391599577347981,847.0963703840944,996.8448033567895,1009.9431245920938,-0.3155196643210455,0.0,0.0,0.0,5,8.651428571428571,9
8,0.0016000000000000003,0.0002,0.8391799577347981,846.4548494820854,996.0992918677448,1009.9237358843873,-0.3900708132255134,0.0,0.0,0.0,5,8.651428571428571,9
9,0.0018000000000000004,0.0002,0.8391999577347982,845.8095348252657,995.3600914660249,1009.90358132411,-0.4639908533975028,0.0,0.0,0.0,5,8.651428571428571,9
10,0.0020000000000000005,0.0002,0.8392199577347982,845.1604462500577,994.6271835180519,1009.8826584925744,-0.5372816481948138,0.0,0.0,0.0,5,8.651428571428571,9
11,0.0022000000000000006,0.0002,0.8392399577347982,844.5076039439958,993.9005495673368,1009.8609651604662,-0.6099450432662908,0.0,0.0,0.0,5,8.651428571428571,9
12,0.0024000000000000007,0.0002,0.8392599577347982,843.8510284464728,993.1801713306113,1009.8384992880532,-0.681982866938883,0.0,0.0,0.0,5,8.651428571428571,9
13,0.0026000000000000007,0.0002,0.8392799577347982,843.1907406492899,992.4660306935355,1009.8152590253767,-0.7533969306464298,0.0,0.0,0.0,5,8.651428571428571,9
14,0.002800000000000001,0.0002,0.8392999577347983,842.5267617970139,991.7581097058787,1009.7912427124259,-0.824189029412126,0.0,0.0,0.0,5,8.628571428571428,9
15,0.003000000000000001,0.0002,0.8393199577347983,841.8591134871452,991.056390576148,1009.7664488790907,-0.8943609423852118,0.0,0.0,0.0,5,8.628571428571428,9
16,0.003200000000000001,0.0002,0.8393399577347983,841.187817670089,990.3608556658405,1009.740876245394,-0.9639144334159294,0.0,0.0,0.0,5,8.628571428571428,9
17,0.003400000000000001,0.0002,0.8393599577347983,840.5128966489387,989.6714874829484,1009.7145237218061,-1.0328512517051627,0.0,0.0,0.0,5,8.628571428571428,9
18,0.003600000000000001,0.0002,0.8393799577347983,839.8343730790689,988.9882686750567,1009.6873904092826,-1.101173132494325,0.0,0.0,0.0,5,8.628571428571428,9
19,0.0038000000000000013,0.0002,0.8393999577347984,839.1522699675327,988.311182021955,1009.6594755993578,-1.1688817978045076,0.0,0.0,0.0,5,8.628571428571428,9
20,0.004000000000000001,0.0002,0.8394199577347984,838.4666106722735,987.6402104276425,1009.6307787742203,-1.2359789572357462,0.0,0.0,0.0,5,8.628571428571428,9
21,0.004200000000000001,0.0002,0.8394399577347984,837.7774189011462,986.9753369119677,1009.6012996067717,-1.3024663088032404,0.0,0.0,0.0,5,8.628571428571428,9
22,0.0044,0.0002,0.8394599577347984,837.0847187107473,986.3165446018174,1009.5710379606707,-1.3683455398182518,0.0,0.0,0.0,5,8.628571428571428,9
23,0.0046,0.0002,0.8394799577347984,836.3885345050612,985.6638167218103,1009.5399938903566,-1.4336183278189707,0.0,0.0,0.0,5,8.628571428571428,9
24,0.0048,0.0002,0.8394999577347985,835.6888910339154,985.0171365845666,1009.5706687052889,-1.4982863415433567,0.0,0.0,0.0,5,8.628571428571428,9
25,0.004999999999999999,0.0002,0.8395199577347985,834.9858133912537,984.3764875805588,1009.6859682986533,-1.562351241944126,0.0,0.0,0.0,5,8.628571428571428,9
26,0.005199999999999999,0.0002,0.8395399577347985,834.2793270132232,983.7418531675723,1009.8135647256316,-1.6258146832427638,0.0,0.0,0.0,5,8.628571428571428,9
27,0.0053999999999999986,0.0002,0.8395599577347985,833.5694576760783,983.1132168597546,1009.9533964189861,-1.6886783140245192,0.0,0.0,0.0,5,8.628571428571428,9
28,0.005599999999999998,0.0002,0.8395799577347985,832.8562314939024,982.4912276077157,1010.0000000080603,-1.7508772392284413,0.0,122.09269590073635,5360.0396926464355,5,8.628571428571428,9
29,0.005799999999999998,0.0002,0.8395999577347986,832.1396749161514,981.8762862768739,1009.896780818949,-1.8123713723126114,0.0,0.0,0.0,5,8.628571428571428,9
30,0.0059999999999999975,0.0002,0.8396199577347986,831.4198147250154,981.2668079144511,1009.8871947758691,-1.873319208554904,0.0,0.0,0.0,5,8.628571428571428,9
31,0.006199999999999997,0.0002,0.8396399577347986,830.6966780326067,980.6632935918369,1009.8897699130004,-1.9336706408163322,0.0,0.0,0.0,5,8.651428571428571,10
32,0.006399999999999997,0.0002,0.8396599577347986,829.970292277969,980.0657704255029,1010.0000000005886,-1.993422957449706,0.0,6.5955284403116625,368.4976739961153,5,8.651428571428571,10
33,0.0065999999999999965,0.0002,0.8396799577347986,829.2406852239172,979.4760234001926,1010.0000026254569,-2.0523976599807323,0.0,294.1354813931364,12514.853926307558,5,8.651428571428571,10
34,0.006799999999999996,0.0002,0.8396999577347987,828.5078849537026,978.8965477513971,1010.0000000254037,-2.11034522486027,0.0,243.48521001622296,10857.535957853997,5,8.651428571428571,10
35,0.006999999999999996,0.0002,0.8397199577347987,827.7719198675092,978.3241444438443,1009.7612451712658,-2.1675855556155628,0.0,0.0,0.0,5,8.651428571428571,10
36,0.0071999999999999955,0.0002,0.8397399577347987,827.032818678783,977.7566180631056,1009.8506277810952,-2.2243381936894155,0.0,0.0,0.0,5,8.697142857142858,10
37,0.007399999999999995,0.0002,0.8397599577347987,826.2906104103976,977.1951344379357,1009.952720962917,-2.2804865562064447,0.0,0.0,0.0,5,8.697142857142858,10
38,0.007599999999999995,0.0002,0.8397799577347987,825.5453243906526,976.6401746048596,1010.0000000046797,-2.3359825395140237,0.0,73.02259486115203,3415.0184341268637,5,8.697142857142858,10
39,0.0077999999999999944,0.0002,0.8397999577347988,824.7969902491168,976.0920241483726,1009.9756944046189,-2.390797585162722,0.0,0.0,0.0,5,8.72,10
40,0.007999999999999995,0.0002,0.8398199577347988,824.0456379123083,975.5495869395702,1010.0000000006452,-2.44504130604298,0.0,5.534453450297398,484.26467691826963,5,8.72,10
41,0.008199999999999995,0.0002,0.8398399577347988,823.2912975992216,975.0133764352944,1010.0000000014417,-2.498662356470577,0.0,16.508557682957257,1101.4437244311282,5,8.742857142857142,10
42,0.008399999999999996,0.0002,0.8398599577347988,822.5339998166994,974.4834828950745,1010.0000000020001,-2.5516517104925436,0.0,15.699725294944923,1373.7259804576995,5,8.742857142857142,10
43,0.008599999999999997,0.0002,0.8398799577347988,821.7737753546564,973.9597443225922,1010.0000000000912,-2.604025567740784,0.0,0.5474256527873314,47.89974462175743,5,8.742857142857142,10
44,0.008799999999999997,0.0002,0.8398999577347989,821.0106552811515,973.4421013449994,1010.0000000022422,-2.655789865500058,0.0,14.337858005813061,1254.5625755686522,5,8.742857142857142,10
45,0.008999999999999998,0.0002,0.8399199577347989,820.2446709373168,972.9307104136122,1010.0000000004216,-2.706928958638762,0.0,2.6590011899517916,232.66267501647218,5,8.742857142857142,10
46,0.009199999999999998,0.0002,0.8399399577347989,819.4758539321442,972.4256848202031,1010.0000000403109,-2.757431517979693,0.0,47.16446602511103,3560.52291890903,5,8.742857142857142,10
47,0.009399999999999999,0.0002,0.8399599577347989,818.7042361371301,971.927256488418,1009.9973248534325,-2.80727435115819,0.0,0.0,0.0,5,8.788571428571428,10
48,0.0096,0.0002,0.8399799577347989,817.9298496807854,971.4350124505372,1010.0000000203725,-2.8564987549463026,0.0,48.46272154015589,3349.5558428372065,5,8.788571428571428,10
49,0.0098,0.0002,0.839999957734799,817.1527269430096,970.9516251550199,1010.0000000440274,-2.904837484498022,0.0,370.60097513011317,16538.59560550168,5,8.788571428571428,10
50,0.01,0.0002,0.840019957734799,816.372900549334,970.4774033242173,1010.0000000000001,-2.952259667578276,0.0,9.409358505695678,1328.4094060877894,5,8.788571428571428,10
51,0.0102,0.0002,0.840039957734799,815.5904033650377,970.0072840449867,1010.0000172732314,-2.999271595501334,0.0,572.2047133906628,10064.253476600908,5,8.834285714285715,10
52,0.010400000000000001,0.0002,0.840059957734799,814.8052684891389,969.5464524105389,1010.0000052447549,-3.0453547589461043,0.0,502.2063542346712,16731.7378566403,5,8.834285714285715,10
53,0.010600000000000002,0.0002,0.840079957734799,814.0175292482613,969.0973099109334,1010.0000000058236,-3.090269008906636,0.0,41.48473817227436,3629.917936223473,5,8.834285714285715,10
54,0.010800000000000002,0.0002,0.8400999577347991,813.227219190385,968.6533011980182,1010.0000000172652,-3.134669880198188,0.0,218.38119087587802,9522.16342033989,5,8.834285714285715,10
55,0.011000000000000003,0.0002,0.8401199577347991,812.4343720784786,968.2211690852934,1010.0000033945178,-3.177883091470663,0.0,607.7723129155089,15930.993859636743,5,8.834285714285715,10
56,0.011200000000000003,0.0002,0.8401399577347991,811.6390218840226,967.7988227030039,1010.0001108905375,-3.220117729699612,0.0,1053.4434025505432,24342.220934596502,5,8.857142857142858,11
57,0.011400000000000004,0.0002,0.8401599577347991,810.8412027804179,967.3782840951828,1010.0000018671499,-3.2621715904817195,0.0,538.9290689540809,20954.10437068822,5,8.857142857142858,11
58,0.011600000000000004,0.0002,0.8401799577347991,810.0409491362935,966.9708433710837,1010.0000286059217,-3.3029156628916376,0.0,520.5715332900024,27462.188943001827,5,8.902857142857142,11
59,0.011800000000000005,0.0002,0.8401999577347992,809.2382955087088,966.5751549039537,1010.000002421515,-3.3424845096046365,0.0,528.8328580702429,22565.639988736493,5,8.948571428571428,11
60,0.012000000000000005,0.0002,0.8402199577347992,808.4332766362564,966.1874930204527,1010.0000000127226,-3.381250697954746,0.0,188.8910764731131,11998.491783565736,5,8.971428571428572,11
61,0.012200000000000006,0.0002,0.8402399577347992,807.6259274320685,965.8054092078427,1010.000000004869,-3.419459079215722,0.0,72.30425139194868,3529.9099087504087,5,8.971428571428572,11
62,0.012400000000000007,0.0002,0.8402599577347992,806.8162829767308,965.4292069728233,1010.0000000021531,-3.4570793027176667,0.0,20.53603730772184,1796.9063649892234,5,8.971428571428572,11
63,0.012600000000000007,0.0002,0.8402799577347992,806.0043785111069,965.0585779255463,1010.0000000014725,-3.494142207445371,0.0,25.03490748160425,2025.2068897028244,5,9.005714285714285,11
64,0.012800000000000008,0.0002,0.8402999577347993,805.1902494290761,964.6946969874891,1010.0000000164817,-3.5305303012510727,0.0,145.92915493972438,6968.503492407925,5,9.017142857142858,11
65,0.013000000000000008,0.0002,0.8403199577347993,804.3739312701889,964.3379130594157,1010.0000000009309,-3.566208694058422,0.0,9.787612414582714,803.5591337843301,5,9.04,11
66,0.013200000000000009,0.0002,0.8403399577347993,803.5554597122403,963.9864524781426,1010.0000000010605,-3.6013547521857383,0.0,41.59301609624904,1479.6851696743938,5,9.062857142857142,11
67,0.013400000000000009,0.0002,0.8403599577347993,802.7348705637728,963.6413565484416,1010.0000000023708,-3.635864345155849,0.0,69.3996180154122,2524.0164987388284,5,9.085714285714285,11
68,0.01360000000000001,0.0002,0.8403799577347993,801.9121997564986,963.3055966575756,1010.0000015570365,-3.669440334242434,0.0,509.7165083166335,19669.71729052095,5,9.085714285714285,11
69,0.01380000000000001,0.0002,0.8403999577347994,801.08748333766,962.9868064710488,1010.0000048018851,-3.7013193528951343,0.0,916.373692032041,37166.01690616367,5,9.131428571428572,11
70,0.01400000000000001,0.0002,0.8404199577347994,800.2607574623187,962.6821230456518,1010.0000004608974,-3.7317876954348197,0.0,231.2374688531754,6545.232381263229,5,9.154285714285715,11
71,0.014200000000000011,0.0002,0.8404399577347994,799.4320583855846,962.3810744336201,1010.0000000019533,-3.761892556637986,0.0,32.64280332902644,1542.3556664893915,5,9.154285714285715,11
72,0.014400000000000012,0.0002,0.8404599577347994,798.6014224547852,962.0862269188797,1010.000005078108,-3.7913773081120428,0.0,248.9995695057427,9091.065475693576,5,9.154285714285715,11
73,0.014600000000000012,0.0002,0.8404799577347994,797.7688861015778,961.7995577950167,1010.0000000080889,-3.820044220498333,0.0,113.64345466513444,4515.141036756433,5,9.154285714285715,11
74,0.014800000000000013,0.0002,0.8404999577347995,796.9344858340121,961.5175559810343,1010.0000000000002,-3.848244401896562,0.0,23.355747077785665,4087.2557386124913,5,9.165714285714285,11
75,0.015000000000000013,0.0002,0.8405199577347995,796.0982582285392,961.2399200784082,1010.0000000026954,-3.876007992159178,0.0,8.434202656159629,694.7734510411807,5,9.188571428571429,11
76,0.015200000000000014,0.0002,0.8405399577347995,795.2602399219788,960.9678066680783,1010.0000065703165,-3.903219333192161,0.0,143.87384535999578,4371.643581621868,5,9.2,11
77,0.015400000000000014,0.0002,0.8405599577347995,794.4204676034415,960.6880792115755,1010.0000229100525,-3.9311920788424577,0.0,665.5812433170462,41592.835603340405,5,9.2,11
78,0.015600000000000015,0.0002,0.8405799577347995,793.5789780062124,960.3930116579728,1010.0000023919738,-3.960698834202709,0.0,614.1952718146442,12815.924717526637,5,9.2,11
79,0.015800000000000015,0.0002,0.8405999577347996,792.7358078995993,960.1116038279574,1010.0000000024561,-3.9888396172042406,0.0,117.55946801727272,5563.892293221276,5,9.211428571428572,11
80,0.016000000000000014,0.0002,0.8406199577347996,791.8909940807476,959.8355938032526,1010.0000007773896,-4.016440619674733,0.0,166.00823522179297,15383.527636364735,5,9.2,11
81,0.016200000000000013,0.0002,0.8406399577347996,791.044573366425,959.5617322065272,1010.0000003658187,-4.043826779347255,0.0,124.26770835361287,3753.4187060060276,5,9.2,11
82,0.016400000000000012,0.0002,0.8406599577347996,790.196582584782,959.2906939068638,1010.0000008797014,-4.070930609313626,0.0,248.56447149309497,20606.134660739077,5,9.2,11
83,0.01660000000000001,0.0002,0.8406799577347996,789.3470585670868,959.0210954330494,1010.0000170394485,-4.09789045669506,0.0,1134.2920721881942,27443.695846975304,5,9.2,11
84,0.01680000000000001,0.0002,0.8406999577347997,788.4960381394422,958.7647640239536,1010.0000001246191,-4.123523597604652,0.0,247.3381342248547,15371.487837828852,5,9.2,11
85,0.017000000000000008,0.0002,0.8407199577347997,787.6435581144854,958.5048200158822,1010.0000003510747,-4.149517998411797,0.0,478.80466484343344,35062.02232063692,5,9.2,11
86,0.017200000000000007,0.0002,0.8407399577347997,786.7896552830726,958.2339650168534,1010.0000000014722,-4.1766034983146385,0.0,175.866313065523,9095.730192323208,5,9.2,11
87,0.017400000000000006,0.0002,0.8407599577347997,785.9343664059558,957.9628477276034,1010.0000045064356,-4.203715227239677,0.0,324.6253994751449,25512.05375354641,5,9.222857142857142,11
88,0.017600000000000005,0.0002,0.8407799577347997,785.0777282054484,957.6850174394536,1010.0000000083069,-4.2314982560546355,0.0,159.40344347392784,5195.155527815125,5,9.222857142857142,11
89,0.017800000000000003,0.0002,0.8407999577347998,784.2197773570904,957.4192151509884,1010.000000511595,-4.258078484901164,0.0,278.99830204773593,8332.570749849681,5,9.234285714285715,11
90,0.018000000000000002,0.0002,0.8408199577347998,783.3605504813079,957.1576792888742,1010.0000000009614,-4.284232071112575,0.0,115.66290989817074,6146.516840506232,5,9.234285714285715,11
91,0.0182,0.0002,0.8408399577347998,782.5000841350765,956.899410835707,1010.000000268029,-4.310058916429296,0.0,223.4850277002014,11492.84957663554,5,9.211428571428572,11
92,0.0184,0.0002,0.8408599577347998,781.6384148035896,956.6465528019119,1010.0000000067101,-4.335344719808823,0.0,200.36792494253135,14459.483077961857,5,9.211428571428572,11
93,0.0186,0.0002,0.8408799577347998,780.7755788919308,956.3879160635632,1010.0000000000883,-4.361208393643665,0.0,257.5895433234484,40056.657591046926,5,9.222857142857142,11
94,0.018799999999999997,0.0002,0.8408999577347999,779.911612716758,956.1196582468596,1010.0000007998826,-4.388034175314028,0.0,441.584282874118,14384.200167330826,5,9.222857142857142,11
95,0.018999999999999996,0.0002,0.8409199577347999,779.0465524980015,955.8605944368605,1010.000000000602,-4.413940556313962,0.0,23.75348478199512,3486.865761022881,5,9.2,11
96,0.019199999999999995,0.0002,0.8409399577347999,778.1804343505752,955.6034380343285,1010.0000000024628,-4.439656196567136,0.0,44.44585820197612,3081.2905976438483,5,9.211428571428572,11
97,0.019399999999999994,0.0002,0.8409599577347999,777.3132942761058,955.3477704498644,1010.0000000002108,-4.465222955013556,0.0,20.700590586563933,1176.9348910407816,5,9.222857142857142,11
98,0.019599999999999992,0.0002,0.8409799577347999,776.4451681546863,955.0958133283029,1010.0000000000853,-4.490418667169703,0.0,12.867359776898637,945.8488469114103,5,9.222857142857142,11
99,0.01979999999999999,0.0002,0.8409999577348,775.5760917366478,954.84665277317,1010.0000000000581,-4.515334722683016,0.0,5.310527369406821,593.7927170691911,5,9.222857142857142,11
100,0.01999999999999999,0.0002,0.8410199577348,774.7061006343614,954.6002793534177,1010.0000000002226,-4.539972064658213,0.0,11.773065352451221,1775.2267362048408,5,9.268571428571429,11
101,0.02019999999999999,0.0002,0.8410399577348,773.8352303140653,954.3567119282419,1010.0000000001264,-4.564328807175815,0.0,6.960012528018293,988.5967763217661,5,9.268571428571429,11
102,0.020399999999999988,0.0002,0.8410599577348,772.9635160877261,954.1159640405942,1010.0000000275913,-4.588403595940567,0.0,29.62443753854272,1416.607881205802,5,9.268571428571429,11
103,0.020599999999999986,0.0002,0.8410799577348,772.0909931049295,953.8781103283662,1010.0000000001942,-4.612188967163378,0.0,14.814979912348992,1827.8956233228391,5,9.268571428571429,11
104,0.020799999999999985,0.0002,0.8410999577348001,771.2176963448109,953.6430209947245,1010.0000000266012,-4.635697900527556,0.0,40.88282582986813,3477.2256490930645,5,9.268571428571429,11
105,0.020999999999999984,0.0002,0.8411199577348001,770.34366060802,953.410844189365,1010.0000004846895,-4.658915581063503,0.0,36.427313312577546,3128.4395090288067,5,9.291428571428572,11
106,0.021199999999999983,0.0002,0.8411399577348001,769.4689205087283,953.1813814416362,1010.0000001582396,-4.681861855836398,0.0,15.299400714485314,1931.546236730445,5,9.291428571428572,11
107,0.02139999999999998,0.0002,0.8411599577348001,768.5935104666779,952.9540846406419,1010.0000000045227,-4.704591535935808,0.0,43.700256664994775,2893.3438288017405,5,9.291428571428572,11
108,0.02159999999999998,0.0002,0.8411799577348001,767.7174646992754,952.7287452115727,1010.0000000001521,-4.727125478842722,0.0,18.19275933087764,1878.036351392331,5,9.291428571428572,11
109,0.02179999999999998,0.0002,0.8411999577348002,766.8408172137313,952.5062794796045,1010.0000000002588,-4.7493720520395435,0.0,43.07959302326146,3502.5437918011935,5,9.291428571428572,11
110,0.021999999999999978,0.0002,0.8412199577348002,765.9636017992509,952.2873656554015,1010.0000005893786,-4.771263434459856,0.0,450.0552741328801,18033.299488242836,5,9.291428571428572,11
111,0.022199999999999977,0.0002,0.8412399577348002,765.0858520192722,952.074152558918,1010.0000010023095,-4.792584744108198,0.0,471.52278740834913,22171.250330727933,5,9.291428571428572,11
112,0.022399999999999975,0.0002,0.8412599577348002,764.2076012037606,951.8651885480938,1010.0000000003366,-4.813481145190627,0.0,88.10351591424934,6337.86931333905,5,9.291428571428572,11
113,0.022599999999999974,0.0002,0.8412799577348002,763.3288824415549,951.656794369092,1010.0000000250991,-4.834320563090796,0.0,72.9260085879393,3357.0374267865222,5,9.268571428571429,11
114,0.022799999999999973,0.0002,0.8412999577348003,762.449728572771,951.4491015565186,1010.000000008553,-4.855089844348162,0.0,57.3169408226904,2572.098752235655,5,9.268571428571429,11
115,0.022999999999999972,0.0002,0.8413199577348003,761.5701721812652,951.2435474413783,1010.0000000000256,-4.875645255862182,0.0,4.287929830058494,519.0239257323171,5,9.268571428571429,11
116,0.02319999999999997,0.0002,0.8413399577348003,760.6902455871559,951.040142778469,1010.0000000061987,-4.895985722153114,0.0,33.82537220063459,2658.7456603710407,5,9.268571428571429,11
117,0.02339999999999997,0.0002,0.8413599577348003,759.8099808394084,950.8385962207017,1010.0000000001785,-4.916140377929815,0.0,20.335927211588356,1409.7594491307384,5,9.268571428571429,11
118,0.023599999999999968,0.0002,0.8413799577348003,758.9294097084802,950.6381433382526,1010.000000040146,-4.936185666174741,0.0,65.48632432657416,5423.02706050028,5,9.314285714285715,11
119,0.023799999999999967,0.0002,0.8413999577348004,758.0485636790357,950.4378046319135,1010.0000000100115,-4.95621953680865,0.0,83.06193013670917,5769.975794808936,5,9.314285714285715,11
120,0.023999999999999966,0.0002,0.8414199577348004,757.1674739427257,950.2368415454647,1010.0000000119373,-4.976315845453535,0.0,143.5726254664116,14136.90648820673,5,9.314285714285715,11
121,0.024199999999999965,0.0002,0.8414399577348004,756.2861713910316,950.0327760822878,1010.0000002036354,-4.996722391771219,0.0,120.13323314453031,5987.600957712753,5,9.405714285714286,11
122,0.024399999999999963,0.0002,0.8414599577348004,755.4046866081845,949.8334009508012,1010.0000002749916,-5.016659904919882,0.0,104.0101113509057,6983.770998132931,5,9.405714285714286,11
123,0.024599999999999962,0.0002,0.8414799577348004,754.5230498641528,949.6359969287296,1010.0000000517128,-5.0364003071270345,0.0,66.10369590754391,3903.736494164576,5,9.405714285714286,11
124,0.02479999999999996,0.0002,0.8414999577348005,753.6412911077,949.4402339423006,1010.0000000000466,-5.0559766057699465,0.0,19.219445816161095,849.448240512703,5,9.417142857142856,11
125,0.02499999999999996,0.0002,0.8415199577348005,752.7594399595192,949.2451012380423,1010.000000194367,-5.075489876195759,0.0,73.71611548115372,4661.13121474762,5,9.417142857142856,11
126,0.02519999999999996,0.0002,0.8415399577348005,751.8775257054418,949.0478791347693,1010.0000000801584,-5.095212086523067,0.0,106.81392300242746,7256.001895922807,5,9.428571428571429,11
127,0.025399999999999957,0.0002,0.8415599577348005,750.9955772897196,948.8490698834008,1010.0000000581714,-5.115093011659912,0.0,66.71504363120947,1911.5171584205916,5,9.428571428571429,11
128,0.025599999999999956,0.0002,0.8415799577348005,750.1136233083868,948.6512360128008,1010.0000000043759,-5.134876398719906,0.0,166.08659157662228,7257.3151009017965,5,9.44,11
129,0.025799999999999955,0.0002,0.8415999577348006,749.2316920026997,948.4491265306042,1010.0000012701329,-5.155087346939578,0.0,698.0404990709808,32410.65056897223,5,9.451428571428572,11
130,0.025999999999999954,0.0002,0.8416199577348006,748.3498112526524,948.2467283373584,1010.0000000056922,-5.175327166264157,0.0,50.57583775740655,1606.8470676154272,5,9.451428571428572,11
131,0.026199999999999952,0.0002,0.8416399577348006,747.4680085705797,948.0469917143831,1010.0000000093248,-5.195300828561688,0.0,198.72209084047353,11681.755137114998,5,9.451428571428572,11
132,0.02639999999999995,0.0002,0.8416599577348006,746.5863110948311,947.8429197843712,1010.0000000577933,-5.215708021562883,0.0,251.25993411442332,18081.72785999977,5,9.451428571428572,11
133,0.02659999999999995,0.0002,0.8416799577348006,745.704745583537,947.6301702266985,1010.000000066443,-5.236982977330159,0.0,145.48900978139287,4433.124334813932,5,9.451428571428572,11
134,0.02679999999999995,0.0002,0.8416999577348007,744.8233384084515,947.4189806826126,1010.0000000313548,-5.258101931738725,0.0,80.37429398896697,5076.929125155604,5,9.451428571428572,11
135,0.026999999999999948,0.0002,0.8417199577348007,743.9421155488778,947.2081275765868,1010.0000000512591,-5.27918724234133,0.0,148.11457910219778,15506.617197788071,5,9.44,11
136,0.027199999999999946,0.0002,0.8417399577348007,743.0611025856853,946.9984108759817,1010.0000000074997,-5.300158912401845,0.0,152.57496357977334,20626.957641365003,5,9.428571428571429,11
137,0.027399999999999945,0.0002,0.8417599577348007,742.1803246954032,946.7895523672744,1010.0000000520852,-5.3210447632725835,0.0,179.64206389088298,11335.894761538502,5,9.428571428571429,11
138,0.027599999999999944,0.0002,0.8417799577348007,741.2998066444046,946.580282023926,1010.000000045011,-5.341971797607404,0.0,131.32269502896546,11691.847628318035,5,9.428571428571429,11
139,0.027799999999999943,0.0002,0.8417999577348008,740.4195727831772,946.3693994054015,1010.0000001708335,-5.3630600594598405,0.0,151.21817596112007,7711.89724601153,5,9.428571428571429,11
140,0.02799999999999994,0.0002,0.8418199577348008,739.5396470406776,946.1578099105203,1010.0000000646495,-5.384219008947966,0.0,108.70567756065961,3397.28634949571,5,9.377142857142857,11
141,0.02819999999999994,0.0002,0.8418399577348008,738.6600529187771,945.9471622250908,1010.0000000199676,-5.405283777490908,0.0,46.34863392108323,1265.1704952278549,5,9.371428571428572,11
142,0.02839999999999994,0.0002,0.8418599577348008,737.7808134867919,945.7364898645858,1010.0000000980153,-5.426351013541423,0.0,150.15718276597426,6745.261635879544,5,9.36,11
143,0.028599999999999938,0.0002,0.8418799577348008,736.9019513761039,945.5263175733677,1010.0000000023422,-5.447368242663223,0.0,41.79801050558095,1436.8277379000008,5,9.354285714285714,11
144,0.028799999999999937,0.0002,0.8418999577348009,736.0234887748683,945.3165293996285,1010.0000000000146,-5.468347060037139,0.0,9.53685270886908,925.839459684759,5,9.365714285714287,11
145,0.028999999999999936,0.0002,0.8419199577348009,735.145447422813,945.1075935664351,1010.0000000000075,-5.489240643356505,0.0,12.869569619823665,972.5514995584169,5,9.388571428571428,11
146,0.029199999999999934,0.0002,0.8419399577348009,734.2678486061255,944.8992343655132,1010.0000000109027,-5.510076563448678,0.0,19.349036345219446,1473.7742217796772,5,9.377142857142857,11
147,0.029399999999999933,0.0002,0.8419599577348009,733.3907131524279,944.6916198072411,1010.0000000419458,-5.530838019275897,0.0,52.238314467037114,5684.796295217952,5,9.417142857142856,11
148,0.029599999999999932,0.0002,0.8419799577348009,732.514061425846,944.4847708384609,1010.0000000001569,-5.55152291615392,0.0,9.38098699761965,386.2879072764306,5,9.451428571428572,11
149,0.02979999999999993,0.0002,0.841999957734801,731.6379133221654,944.278383427081,1010.0000000034382,-5.57216165729189,0.0,13.008602324674271,761.715788436785,5,9.451428571428572,11
150,0.02999999999999993,0.0002,0.842019957734801,730.7622882640776,944.072496270679,1010.0000000017563,-5.592750372932109,0.0,13.911766594761161,355.5331254258919,5,9.451428571428572,11
151,0.03019999999999993,0.0002,0.842039957734801,729.8872051965188,943.8674090878958,1010.0000000002535,-5.6132590912103995,0.0,17.516459264687338,1451.4704413448303,5,9.451428571428572,11
152,0.030399999999999927,0.0002,0.842059957734801,729.0126825820975,943.6629624840593,1010.0000000000024,-5.633703751594053,0.0,6.928216309078498,354.35518180221146,5,9.451428571428572,11
153,0.030599999999999926,0.0002,0.842079957734801,728.1387383966129,943.4591512947219,1010.0000000018664,-5.654084870527812,0.0,22.51686273741309,2107.390756454905,5,9.451428571428572,11
154,0.030799999999999925,0.0002,0.8420999577348011,727.2653901246632,943.2558906484312,1010.0000000003948,-5.674410935156896,0.0,19.079928373739254,776.8289728549719,5,9.451428571428572,11
155,0.030999999999999923,0.0002,0.8421199577348011,726.3926547553459,943.0531613369587,1010.0000000365214,-5.69468386630414,0.0,37.17561867748559,3515.10835133343,5,9.44,11
156,0.031199999999999922,0.0002,0.8421399577348011,725.5205487780477,942.8509914536425,1010.0000000063118,-5.714900854635744,0.0,16.02327522637859,1149.8817079717749,5,9.44,11
157,0.03139999999999992,0.0002,0.8421599577348011,724.6490881783238,942.6492634981458,1010.0000000024658,-5.7350736501854165,0.0,30.944209359107074,2622.469729943374,5,9.445714285714285,11
158,0.03159999999999992,0.0002,0.8421799577348011,723.7782884338696,942.4477896260194,1010.000000001278,-5.755221037398055,0.0,12.127417326323469,510.988674822315,5,9.44,11
159,0.03179999999999992,0.0002,0.8421999577348012,722.9081645105813,942.2469791522351,1010.000000000705,-5.775302084776493,0.0,15.34014576331317,399.45908484655735,5,9.491428571428571,11
160,0.03199999999999992,0.0002,0.8422199577348012,722.0387308587044,942.0467275447036,1010.0000000017171,-5.795327245529645,0.0,13.262494692096396,863.4977828828389,5,9.497142857142856,11
161,0.032199999999999916,0.0002,0.8422399577348012,721.1700014090761,941.8465074520083,1010.0000000004671,-5.815349254799161,0.0,26.834075588990107,2632.789947447915,5,9.474285714285715,11
162,0.032399999999999915,0.0002,0.8422599577348012,720.3019895694546,941.6458344898064,1010.0000000001005,-5.8354165510193745,0.0,11.618797391129277,765.2874752202042,5,9.451428571428572,11
163,0.032599999999999914,0.0002,0.8422799577348012,719.4347082209364,941.4460837592742,1010.0000000000822,-5.855391624072587,0.0,3.497737367507729,121.53326745330664,5,9.422857142857143,11
164,0.03279999999999991,0.0002,0.8422999577348013,718.5681697144664,941.2469891450368,1010.000000001866,-5.875301085496324,0.0,16.445474463808587,447.176062964686,5,9.388571428571428,11
165,0.03299999999999991,0.0002,0.8423199577348013,717.7023858674315,941.0483764279584,1010.00000000253,-5.895162357204145,0.0,25.38293931799765,1220.0449449103994,5,9.377142857142857,11
166,0.03319999999999991,0.0002,0.8423399577348013,716.8373679603483,940.8503384126838,1010.0000000004532,-5.914966158731622,0.0,12.8812885278352,525.8773739821687,5,9.371428571428572,11
167,0.03339999999999991,0.0002,0.8423599577348013,715.9731267336324,940.6528909428441,1010.0000000017544,-5.9347109057156,0.0,14.358276064908205,451.35478582106435,5,9.36,11
168,0.03359999999999991,0.0002,0.8423799577348013,715.1096723844604,940.4560461170593,1010.0000000005463,-5.954395388294068,0.0,7.800253239063149,330.9973287614531,5,9.342857142857143,11
169,0.033799999999999907,0.0002,0.8423999577348014,714.2470145637159,940.2596107383707,1010.0000000033738,-5.974038926162909,0.0,18.25560252261461,798.8886247461951,5,9.348571428571429,11
170,0.033999999999999905,0.0002,0.8424199577348014,713.3851623730241,940.0633413189167,1010.0000000003148,-5.99366586810834,0.0,21.386452881541956,1746.9559365969205,5,9.36,11
171,0.034199999999999904,0.0002,0.8424399577348014,712.524124361869,939.8677644971747,1010.0000000001198,-6.013223550282524,0.0,6.765601175970192,186.50568749258184,5,9.36,11
172,0.0343999999999999,0.0002,0.8424599577348014,711.6639085248019,939.6729715073767,1010.0000000004121,-6.032702849262344,0.0,5.273854349323488,239.03372877488272,5,9.377142857142857,11
173,0.0345999999999999,0.0002,0.8424799577348014,710.8045222987299,939.4787472315089,1010.0000000041025,-6.052125276849099,0.0,26.183819941973713,2247.7383531510036,5,9.371428571428572,11
174,0.0347999999999999,0.0002,0.8424999577348015,709.9459725602914,939.2848075467867,1010.0000000005546,-6.071519245321326,0.0,17.921048175724597,511.1633868993471,5,9.382857142857143,11
175,0.0349999999999999,0.0002,0.8425199577348015,709.0882656233155,939.0912177851168,1010.0000000001975,-6.090878221488329,0.0,21.261425107887625,1986.8096460805007,5,9.348571428571429,11
176,0.0351999999999999,0.0002,0.8425399577348015,708.2314072363644,938.8980450000481,1010.0000000019699,-6.110195499995175,0.0,26.89915943929686,1288.4967561173598,5,9.348571428571429,11
177,0.0353999999999999,0.0002,0.8425599577348015,707.3754025803595,938.7041912822446,1010.0000000171789,-6.129580871775535,0.0,54.08800568360927,3040.642017259693,5,9.348571428571429,11
178,0.035599999999999896,0.0002,0.8425799577348015,706.5202562662892,938.5098652304208,1010.0000000000948,-6.149013476957923,0.0,11.985343349871501,1007.4716807541632,5,9.36,11
179,0.035799999999999894,0.0002,0.8425999577348016,705.6659723329981,938.3168616573283,1010.0000000021595,-6.168313834267174,0.0,14.828782477459075,302.41920146041315,5,9.348571428571429,11
180,0.03599999999999989,0.0002,0.8426199577348016,704.8125542450582,938.1244462350074,1010.0000000011698,-6.187555376499245,0.0,15.635223428800224,598.4303387681657,5,9.314285714285715,11
181,0.03619999999999989,0.0002,0.8426399577348016,703.9600048907205,937.9327240520539,1010.0000000008532,-6.206727594794606,0.0,12.167699067433935,343.70905703875195,4,9.268571428571429,11
182,0.03639999999999989,0.0002,0.8426599577348016,703.108326579945,937.7415660282865,1010.0000000007193,-6.225843397171347,0.0,13.630105533832934,778.4901033730205,4,9.268571428571429,11
183,0.03659999999999989,0.0002,0.8426799577348016,702.2575210425115,937.5509879744053,1010.0000000181167,-6.244901202559474,0.0,31.863973931089426,3244.8282617454565,4,9.268571428571429,11
184,0.03679999999999989,0.0002,0.8426999577348017,701.4075894262079,937.3609517040835,1010.0000000001322,-6.263904829591634,0.0,9.08021221491064,290.7015753889003,4,9.297142857142857,11
185,0.03699999999999989,0.0002,0.8427199577348017,700.5585322950963,937.171583809446,1010.0000000005656,-6.2828416190553975,0.0,11.027872517807376,300.52983810172856,4,9.302857142857142,11
186,0.037199999999999886,0.0002,0.8427399577348017,699.7103496278567,936.9828892005062,1010.0000000000927,-6.301711079949385,0.0,3.9576907484090973,185.7958171676752,4,9.314285714285715,11
187,0.037399999999999885,0.0002,0.8427599577348017,698.863040816205,936.7950357567589,1010.0000000003254,-6.320496424324097,0.0,8.633971238164646,167.84211706600487,4,9.325714285714286,11
188,0.037599999999999884,0.0002,0.8427799577348017,698.0166046633899,936.6073261232268,1010.000000000039,-6.339267387677314,0.0,22.755089774776994,2696.6723176809282,3,9.28,11
189,0.03779999999999988,0.0002,0.8427999577348018,697.1710573863633,936.4194677043627,1010.0000000007149,-6.358053229563722,0.0,16.785795531508835,810.6904946219202,3,9.28,11
190,0.03799999999999988,0.0002,0.8428199577348018,696.3264706894059,936.2322397720303,1010.0000000031761,-6.376776022796964,0.0,27.794128601446925,1902.8208851066306,3,9.285714285714286,11
191,0.03819999999999988,0.0002,0.8428399577348018,695.4828979135748,936.0451723632639,1010.0000000002602,-6.395482763673613,0.0,12.256090734559933,329.52728940352466,3,9.308571428571428,11
192,0.03839999999999988,0.0002,0.8428599577348018,694.6403902235562,935.8589702421796,1010.0000000001918,-6.414102975782045,0.0,13.909760843657066,1503.9650150912698,3,9.32,11
193,0.03859999999999988,0.0002,0.8428799577348018,693.7989983829024,935.6730355932693,1010.0000000001039,-6.43269644067306,0.0,10.232337131074477,333.4256154504785,3,9.337142857142856,11
194,0.038799999999999876,0.0002,0.8428999577348019,692.9587727516137,935.488172826123,1010.0000000000119,-6.451182717387699,0.0,3.724104167865552,125.78578960380592,3,9.325714285714286,11
195,0.038999999999999875,0.0002,0.8429199577348019,692.1197632838,935.3042928053686,1010.0000000000603,-6.469570719463135,0.0,6.034383234215858,157.10573349940873,3,9.32,11
196,0.039199999999999874,0.0002,0.8429399577348019,691.2820195254219,935.12133855844,1010.0000000000333,-6.487866144156,0.0,2.4347638071547237,140.54454305055646,3,9.302857142857142,11
197,0.03939999999999987,0.0002,0.8429599577348019,690.4455906121085,934.9392198487814,1010.000000000296,-6.506078015121862,0.0,11.91127432126491,367.27501532516806,3,9.308571428571428,11
198,0.03959999999999987,0.0002,0.8429799577348019,689.6105252670532,934.7577451185404,1010.0000000000617,-6.524225488145969,0.0,10.340772818952061,345.64335047836653,3,9.325714285714286,11
199,0.03979999999999987,0.0002,0.842999957734802,688.7768717989843,934.5770959216896,1010.0000000000317,-6.542290407831032,0.0,4.502770737519164,168.8509697254371,3,9.337142857142856,11
200,0.03999999999999987,0.0002,0.843019957734802,687.9446781002134,934.397439151693,1010.0000000000132,-6.560256084830714,0.0,5.40480810664211,142.55767420949016,3,9.337142857142856,11
