x,y,vx,vy,rho,pressure,neighbor_count
4.500000000e-06,4.500000000e-06,0.000000000e+00,0.000000000e+00,9.981394601e+02,-1.550077466e+05,10
3.218505274e-02,4.500000000e-06,2.952158359e-01,0.000000000e+00,1.003103705e+03,1.115504311e+06,13
6.746351939e-02,4.500000000e-06,5.649259129e-01,0.000000000e+00,1.003716634e+03,1.159906312e+06,12
2.319677672e-01,2.019709375e-01,5.638481775e+00,5.414243589e+00,9.981498884e+02,-9.106324206e+04,10
1.030299155e-01,4.500000000e-06,6.825385723e-01,0.000000000e+00,1.004041487e+03,1.181035768e+06,13
2.250739833e-01,1.436564474e-01,7.926875024e+00,1.631477099e+01,9.734738203e+02,-3.649928075e+05,5
1.385334607e-01,4.500000000e-06,8.362684361e-01,0.000000000e+00,1.004080501e+03,1.176462582e+06,13
1.750817897e-01,4.500000000e-06,7.578740866e-01,0.000000000e+00,1.003830500e+03,1.134578267e+06,13
2.127470990e-01,4.500000000e-06,6.981310936e-01,0.000000000e+00,1.003619399e+03,1.102857973e+06,12
2.514695209e-01,4.500000000e-06,6.671167153e-01,0.000000000e+00,1.003505169e+03,1.083675403e+06,12
2.913166385e-01,4.500000000e-06,5.804576305e-01,0.000000000e+00,1.003466118e+03,1.073038058e+06,12
3.325708165e-01,4.500000000e-06,4.943981642e-01,0.000000000e+00,1.003504236e+03,1.071000886e+06,11
3.883107689e-01,4.500000000e-06,3.385944601e-02,0.000000000e+00,1.003451852e+03,1.064873893e+06,11
4.314116100e-01,4.500000000e-06,-1.689477497e-03,0.000000000e+00,1.003439604e+03,1.063873049e+06,11
5.446651267e-01,4.500000000e-06,4.096842452e-01,0.000000000e+00,1.003662371e+03,1.083026451e+06,11
9.999955000e-01,1.154386665e-01,0.000000000e+00,-4.439066534e-02,1.003666307e+03,1.083487733e+06,11
4.500000000e-06,2.229524894e-02,0.000000000e+00,7.748219531e-02,1.004451489e+03,1.526025438e+06,13
2.251474726e-01,1.759846259e-01,2.690871379e+01,2.218966558e+01,9.403509097e+02,-3.649928075e+05,6
2.886740205e-01,1.525585570e-01,1.278529470e+01,1.569451282e+00,9.869929774e+02,-3.649928075e+05,10
2.674753118e-01,6.588119102e-02,8.497784238e+00,7.442618701e+00,1.000221215e+03,-3.997773075e+04,11
2.094823315e-01,9.487780701e-02,6.661566530e+00,1.993895745e+01,1.001676829e+03,-7.441439387e+04,7
2.390556287e-01,1.053392216e-01,8.746811363e+00,-8.696225675e+00,9.587358888e+02,-3.649928075e+05,9
2.582444431e-01,1.048433668e-01,7.821121406e+00,1.321219232e+01,1.013007539e+03,-3.455318557e+05,9
3.095432435e-01,7.794179973e-02,1.466681247e+01,6.704790060e-01,9.971552298e+02,-1.567276490e+04,11
3.608974551e-01,7.924748325e-02,1.304718488e+01,8.184273176e+00,1.019388026e+03,4.877077405e+05,12
3.563418748e-01,8.356033796e-02,1.051395360e+01,1.346705154e+00,9.875502857e+02,-3.649928075e+05,11
3.907176088e-01,1.018870671e-01,9.291127928e+00,2.083482004e+00,9.966723375e+02,-3.649928075e+05,10
4.489266400e-01,9.077112895e-02,1.397604775e+01,2.190856317e+00,1.002939933e+03,1.521644790e+05,9
3.688995937e-01,1.026929072e-01,9.102169323e+00,2.916783019e+00,1.006453338e+03,1.814435117e+05,11
4.869079208e-01,1.494441088e-01,8.732512395e+00,2.692968375e+00,1.007754200e+03,-9.729180036e+04,8
4.504759701e-01,8.622497459e-02,1.147390279e+01,3.674600652e+00,9.982530209e+02,-6.686133009e+04,9
5.140585935e-01,9.847316738e-02,1.153497223e+01,3.920597878e+00,1.000017770e+03,3.836793656e+04,7
4.500000000e-06,5.129394294e-02,0.000000000e+00,1.532939130e-01,1.004239837e+03,1.487353150e+06,12
1.005495041e-01,2.058105014e-01,-9.605776416e+00,8.028174308e+00,9.941155638e+02,-3.649928075e+05,10
1.081507688e-01,1.865985018e-01,3.229863545e+00,2.998611625e+00,9.988251691e+02,-2.375672647e+04,9
2.648969904e-01,1.133479918e-01,2.687647850e+00,-2.237664580e+00,9.856684358e+02,-3.649928075e+05,8
3.096246425e-01,1.058583859e-01,8.183264927e+00,-6.365113122e+00,9.931792695e+02,-3.649928075e+05,8
2.104745901e-01,9.717476246e-02,5.216937349e+00,6.163620488e+00,1.004788094e+03,6.483646569e+04,7
2.430777003e-01,1.288255946e-01,2.887307728e+00,-3.641188120e-01,9.712797646e+02,-3.649928075e+05,8
3.050513909e-01,7.825416818e-02,1.376680195e+01,3.347889578e+00,9.973955723e+02,-1.020170832e+03,11
3.480323164e-01,1.262731979e-01,8.708613340e+00,2.071100471e+00,1.002628345e+03,3.732227875e+04,9
3.361475864e-01,1.747880646e-01,7.863055908e+00,1.637749361e+00,9.926207061e+02,-7.172158554e+04,14
4.011293270e-01,9.403067506e-02,7.630986324e+00,-1.190783112e+00,9.988379066e+02,-1.027822827e+05,11
4.119207065e-01,9.716434553e-02,1.175137323e+01,2.152131565e+00,1.010143706e+03,3.352848367e+05,12
4.205449346e-01,1.076965302e-01,1.473724121e+01,7.988371483e-01,9.922083093e+02,-3.649928075e+05,9
4.864318113e-01,1.501855927e-01,9.122903144e+00,4.391082157e+00,1.007425870e+03,-4.130375583e+04,8
5.308404079e-01,1.173788910e-01,2.042998746e+01,-6.856339903e+00,1.000000000e+03,0.000000000e+00,5
5.170562414e-01,9.274404462e-02,1.341876638e+01,3.021352552e+00,1.000030398e+03,-5.217793611e+04,8
1.901200355e-01,2.345955973e-01,4.174008662e+00,-1.248000984e+00,1.011342594e+03,-4.005524625e+04,12
1.523709318e-01,6.645022240e-02,5.541093448e+00,-9.360752884e+00,9.999925685e+02,-8.634576457e+04,8
1.714185087e-01,2.271644137e-01,4.544495173e+00,-2.248427735e+00,9.997552365e+02,-6.351244454e+03,7
2.300328614e-01,2.130302854e-01,5.402682246e+00,2.610141001e+00,9.488712563e+02,-3.649928075e+05,11
2.806638880e-01,1.264920029e-01,4.408714530e+00,-2.010301840e+00,9.873777293e+02,-3.649928075e+05,9
2.847285370e-01,1.470800547e-01,2.367978527e+01,-4.841835858e+00,9.986162311e+02,-3.649928075e+05,9
3.411722817e-01,1.374658429e-01,1.123249597e+01,-2.787359351e+00,1.003052675e+03,1.165545912e+05,12
2.942789418e-01,1.104577885e-01,1.041910452e+01,-3.494307738e+00,9.985097556e+02,-3.514661095e+05,9
3.707341006e-01,1.042850105e-01,1.258549802e+01,2.464334589e+00,1.000745635e+03,-6.710015901e+04,9
3.621407107e-01,1.550027111e-01,9.641576264e+00,3.773587989e+00,1.006754926e+03,2.566898376e+05,13
3.405200869e-01,1.244717614e-01,6.624858965e+00,8.123961019e+00,9.942814042e+02,-3.649928075e+05,11
4.283142574e-01,1.248611949e-01,2.045815218e+00,2.540380422e+00,1.002425038e+03,-3.649928075e+05,12
4.391275567e-01,9.294725292e-02,1.438165454e+01,3.599823812e+00,9.996234341e+02,-4.562198200e+04,9
4.956323871e-01,1.668587985e-01,1.413290715e+01,4.148198131e+00,1.016839215e+03,-6.472957078e+04,10
5.378423287e-01,1.780152636e-01,1.715748383e+01,6.805174628e+00,9.888271127e+02,-5.666306827e+04,6
5.393423566e-01,9.569868963e-02,1.686946556e+01,-7.316932954e+00,9.999668117e+02,-1.263329591e+05,8
4.500000000e-06,8.042929660e-02,0.000000000e+00,1.677708744e-01,1.005239757e+03,1.531496286e+06,14
7.678320373e-02,1.795410850e-01,8.603431715e-01,7.034061276e+00,1.012210998e+03,2.201380851e+04,12
1.055895677e-01,1.844453539e-01,-7.144072069e+00,-3.756695656e+00,1.017338051e+03,5.289973546e+05,9
2.348735266e-01,1.214915726e-01,5.617053141e+00,9.089635847e-01,1.068370158e+03,1.824964038e+06,9
2.688133227e-01,1.856162564e-01,6.569114358e+00,1.799342455e+00,1.003722534e+03,1.195883891e+05,11
2.241856439e-01,9.051799424e-02,7.631947851e+00,1.321335754e-01,9.929924076e+02,-3.649928075e+05,10
2.857602366e-01,1.775286841e-01,9.525465433e+00,2.585040164e+00,9.867521338e+02,-3.649928075e+05,12
3.060474834e-01,1.068376681e-01,1.545075975e+01,-3.576457385e+00,1.003600844e+03,2.930704976e+05,7
3.521614672e-01,1.563420982e-01,1.793749245e+01,2.223616926e+00,9.900278113e+02,-2.872098546e+05,12
3.541747029e-01,1.799462688e-01,1.048965493e+01,7.554278479e-01,1.007608117e+03,1.226578541e+05,15
3.768888698e-01,1.565679591e-01,1.289681664e+01,2.100232237e-01,9.958519910e+02,3.510493037e+03,13
4.278152503e-01,1.369038585e-01,1.321742259e+01,-4.510741935e+00,1.000257787e+03,-5.769692446e+04,10
4.345144130e-01,1.673004264e-01,1.336934774e+01,3.983539458e-01,1.004795689e+03,2.162574122e+05,13
5.222643470e-01,1.627349885e-01,1.624888934e+01,-1.505496886e+00,9.919509165e+02,-3.649928075e+05,8
5.067117222e-01,1.568784748e-01,1.418146022e+01,-1.595155289e+00,1.010694113e+03,1.690044694e+05,8
5.389813615e-01,1.033803817e-01,1.426794388e+01,-1.240164262e+00,1.000000000e+03,0.000000000e+00,6
1.203481237e-01,1.594021807e-01,-2.588287793e+00,5.298830594e+00,1.000000000e+03,0.000000000e+00,5
8.595728554e-02,1.739086774e-01,3.015375609e+00,2.440693604e+00,9.903222055e+02,-3.649928075e+05,10
1.206256361e-01,1.515794676e-01,1.553797394e+01,-1.352784852e+00,1.002284599e+03,-2.423933863e+05,5
1.962269502e-01,2.164528620e-01,4.128349851e+00,1.858484262e+00,9.885943765e+02,-3.649928075e+05,8
2.234016211e-01,1.914467905e-01,6.475668344e+00,3.357014197e+00,1.030069426e+03,6.031924190e+05,5
2.666492913e-01,1.891792217e-01,9.247912556e+00,-8.665369272e-01,1.001095465e+03,-5.607895517e+03,13
3.162662474e-01,1.608600721e-01,1.345535793e+01,3.030522270e+00,9.957937042e+02,-1.578445047e+04,13
3.118796596e-01,1.569037944e-01,1.099928284e+01,-3.533279303e+00,1.003655261e+03,3.339532872e+04,12
3.085129396e-01,1.759041580e-01,6.303562613e+00,-4.531935783e-02,1.004382379e+03,2.442772253e+04,12
3.852875127e-01,1.958578347e-01,1.197689987e+01,1.660685273e+00,9.990344868e+02,7.712800795e+02,13
3.880684633e-01,1.507450042e-01,1.253407101e+01,-3.942735580e-01,1.000750088e+03,1.813124450e+04,10
4.022654318e-01,1.525967798e-01,9.730147144e+00,-3.703105939e+00,1.002487255e+03,1.324441661e+05,12
4.183215855e-01,1.430158569e-01,1.129731947e+01,-2.008174198e+00,9.974359765e+02,-3.050425716e+04,10
4.608991786e-01,1.691977730e-01,1.302091217e+01,-9.277675826e-01,9.970943018e+02,-9.282937051e+04,11
4.351731813e-01,1.658041815e-01,9.813983005e+00,1.278569401e+00,9.947259510e+02,-8.823722181e+04,13
5.346045092e-01,1.990457612e-01,2.121303486e+01,2.273680245e+00,9.930495876e+02,-3.649928075e+05,6
4.500000000e-06,1.095072425e-01,0.000000000e+00,1.494124687e-01,1.004729940e+03,1.483029537e+06,12
1.302143403e-01,1.657444949e-01,9.298001518e+00,1.234619089e+01,9.968221992e+02,-3.649928075e+05,4
1.012678690e-01,2.380544286e-01,-5.464087884e-01,4.736556454e+00,9.906078436e+02,-3.649928075e+05,8
1.617932813e-01,2.483222327e-01,-5.072419404e+00,2.195177135e+00,1.013078570e+03,6.368500509e+05,11
2.069697831e-01,1.311946178e-01,6.503126346e+00,-8.534649048e+00,9.935699745e+02,-3.649928075e+05,7
2.705825810e-01,2.189893950e-01,1.656810323e+01,-2.835064843e-01,1.010264548e+03,2.033395458e+05,15
3.152926201e-01,2.021315921e-01,1.515883382e+01,-1.915471142e+00,9.976035592e+02,-9.616874703e+04,14
3.054779138e-01,2.068071254e-01,1.676510980e+01,4.283631304e+00,9.986518007e+02,9.536341969e+04,15
3.314117421e-01,1.868690997e-01,1.162462664e+01,-1.539873164e+00,9.990457912e+02,2.738705523e+04,14
3.542886913e-01,1.919911832e-01,9.350977333e+00,6.042611792e-01,9.993499129e+02,-3.957361323e+04,15
3.894403003e-01,1.884595379e-01,1.614430145e+01,1.253280730e-01,9.997004492e+02,-4.814421878e+04,13
3.992718386e-01,1.673453671e-01,1.092052367e+01,1.021943071e+00,9.978783695e+02,-1.428053278e+05,13
4.133883889e-01,1.906417662e-01,1.076982856e+01,-5.915930700e-01,1.001529814e+03,4.439693217e+04,13
4.638129810e-01,1.703048041e-01,1.476422483e+01,-1.050028479e+00,1.000930862e+03,1.386023053e+05,12
5.400254587e-01,1.954320364e-01,1.653138087e+01,-1.268197988e+00,9.949266044e+02,-2.663246924e+05,6
5.212259152e-01,1.166592122e-01,1.538495243e+01,-4.323154444e+00,1.000000000e+03,0.000000000e+00,6
4.500000000e-06,1.385493691e-01,0.000000000e+00,1.217422096e-01,1.005288891e+03,1.520771133e+06,13
1.148207274e-01,2.239149734e-01,-1.019843009e+00,1.989317771e+00,9.950192039e+02,4.429495541e+04,9
1.611113119e-01,2.221564366e-01,9.662533502e+00,1.372206191e+00,1.009605220e+03,-2.015968473e+05,7
1.521536575e-01,2.339172499e-01,1.599967972e+00,7.822234451e+00,1.008956624e+03,-2.491340102e+05,10
2.647051108e-01,2.127270269e-01,1.586047425e+01,1.008466196e+00,9.828532319e+02,-3.649928075e+05,12
2.748623433e-01,2.438551265e-01,1.447062069e+01,5.501401683e+00,9.929633348e+02,-2.341683350e+05,13
2.901740142e-01,1.928438189e-01,1.510689108e+01,-5.222074371e+00,1.004554721e+03,2.636739047e+04,14
3.189497653e-01,2.301629361e-01,1.110399892e+01,2.900491998e+00,1.000999617e+03,4.720287932e+04,12
3.439651202e-01,2.076560159e-01,1.230638347e+01,3.023856036e+00,9.968955496e+02,-9.661990295e+04,14
3.653826509e-01,2.323600331e-01,1.386596682e+01,3.374188366e+00,1.000621067e+03,1.089432688e+05,15
4.046537255e-01,2.040570442e-01,1.202729722e+01,1.975513259e-01,9.984722120e+02,2.213253796e+04,13
3.993072544e-01,2.394462090e-01,1.139490072e+01,4.341218759e+00,9.920050125e+02,-2.438420018e+05,13
4.466550539e-01,2.013231655e-01,1.564184714e+01,4.902121752e+00,1.001704451e+03,7.718180030e+04,16
4.576790860e-01,2.233944675e-01,1.407026937e+01,1.513839963e+00,9.982639287e+02,-4.892123912e+04,14
4.693654723e-01,1.966196302e-01,9.130275220e+00,1.112553926e+00,9.984762370e+02,-8.879282133e+04,12
4.796956511e-01,2.213221522e-01,1.342679965e+01,-1.729280031e+00,9.985152318e+02,-1.319853348e+05,12
4.500000000e-06,1.678775247e-01,0.000000000e+00,9.548826237e-02,1.004804319e+03,1.475182030e+06,12
1.005309805e-01,2.203273096e-01,4.579580378e-01,-2.521801530e+00,1.000921821e+03,1.483431953e+05,9
1.589178581e-01,2.521280788e-01,2.519903121e+00,1.535066685e+00,9.964019988e+02,1.378744696e+05,12
1.228376230e-01,2.504693975e-01,-5.096666478e+00,-1.709368042e-01,9.965441273e+02,1.683725229e+05,13
2.093007475e-01,2.454894111e-01,1.760359052e+01,6.369483183e+00,1.001405904e+03,-2.542799513e+05,13
2.358446545e-01,2.454687211e-01,7.872782896e+00,-2.820949770e+00,1.011941934e+03,4.000037934e+05,13
2.793699750e-01,2.315803670e-01,9.527099368e+00,2.906687542e+00,9.963412929e+02,-1.036704004e+05,14
3.098437827e-01,2.211032008e-01,1.109986774e+01,4.887198449e-01,9.994148203e+02,2.993915419e+04,14
3.494393552e-01,2.173333757e-01,1.446448144e+01,7.700121258e-02,1.005588232e+03,2.067097793e+05,16
3.760507775e-01,2.181412504e-01,1.290138738e+01,-1.340531059e+00,9.908577564e+02,-2.577957069e+05,14
3.903921720e-01,2.185306101e-01,1.028530467e+01,1.453804450e+00,1.006047005e+03,1.436105357e+05,13
4.204906790e-01,1.797230148e-01,1.278498098e+01,-3.169737740e+00,9.986931264e+02,5.418306544e+03,16
4.239024909e-01,2.219004472e-01,1.102615547e+01,6.456608424e-01,9.927041110e+02,-1.776530174e+05,13
4.455196187e-01,2.022580901e-01,1.147140030e+01,-9.145225843e-01,9.988031441e+02,-6.056260323e+04,16
4.692849336e-01,1.885465961e-01,1.130226629e+01,-3.496519314e+00,9.983090464e+02,8.986086844e+04,15
5.173192500e-01,1.812525411e-01,6.696238186e-01,3.582438722e+00,9.996569002e+02,7.209856810e+04,10
4.500000000e-06,1.970335966e-01,0.000000000e+00,9.486004837e-02,1.005165000e+03,1.501406582e+06,13
9.914082427e-02,2.722336097e-01,-2.799997754e+00,3.919393802e+00,9.982587702e+02,-1.779593452e+05,8
1.242991471e-01,2.434460445e-01,7.869123243e-01,-6.289438023e-01,9.936113835e+02,1.001797624e+05,13
1.823925944e-01,2.760071477e-01,7.020765294e+00,5.391861175e+00,1.009805935e+03,5.462219206e+05,15
2.198718620e-01,2.372303854e-01,8.924639057e+00,2.000151730e+00,9.870658737e+02,-3.649928075e+05,10
2.426628358e-01,2.475018883e-01,8.204755837e+00,5.153013343e-01,1.004114229e+03,-1.671123277e+04,14
2.940093958e-01,2.513392629e-01,1.079263066e+01,2.219081979e+00,1.001852498e+03,4.999249055e+04,14
3.065292871e-01,2.478185815e-01,9.333610452e+00,-2.774975024e-02,9.965251509e+02,-2.420353641e+04,15
3.323228339e-01,2.441682720e-01,1.324775742e+01,1.234007149e+00,9.982683337e+02,-6.273105231e+04,14
3.448060406e-01,2.350837798e-01,9.154252432e+00,3.223468934e-01,9.955037980e+02,-1.325837579e+05,16
3.805769158e-01,2.419029352e-01,1.091156283e+01,-1.093448253e-01,1.006670101e+03,2.471343194e+05,14
4.028270526e-01,2.527303391e-01,1.399753657e+01,1.251429683e-02,1.002593634e+03,4.266957712e+04,17
4.545600178e-01,2.345629803e-01,1.220973062e+01,1.285694228e+00,1.003240130e+03,1.494092322e+05,15
4.795330618e-01,2.675504394e-01,1.229315280e+01,1.120305039e+00,1.001021151e+03,3.990647004e+03,10
4.910689771e-01,2.260694407e-01,1.583900673e+01,-4.027688054e+00,1.005373151e+03,1.992449125e+05,11
4.896849733e-01,2.604503186e-01,9.762089004e+00,1.989383216e+00,1.005400060e+03,2.195393302e+05,9
4.500000000e-06,2.264993751e-01,0.000000000e+00,4.821499147e-02,1.004891296e+03,1.475067075e+06,12
1.112672195e-01,2.576910857e-01,-3.669483933e+00,2.032535477e-01,1.000288829e+03,1.204125830e+05,9
1.534700828e-01,2.762084222e-01,6.251714609e+00,3.964323887e+00,1.010175925e+03,4.514263155e+05,14
1.766127840e-01,2.750169363e-01,8.198789703e+00,8.288997176e+00,9.818003188e+02,-1.111658126e+05,13
2.198718952e-01,2.756784230e-01,5.866724474e+00,4.489348866e+00,1.009231514e+03,4.056220338e+05,16
2.424942693e-01,2.662626984e-01,9.545361944e+00,1.285326164e+00,9.806827791e+02,-3.649928075e+05,14
2.637526753e-01,2.595314147e-01,7.393984351e+00,9.791225392e-01,1.006222079e+03,2.750310774e+05,14
3.036576379e-01,2.657968650e-01,9.975452757e+00,1.269357439e+00,9.980657101e+02,-4.904567331e+04,15
3.356280428e-01,2.617061083e-01,1.193032552e+01,3.646409514e-01,1.004520934e+03,1.662337045e+05,15
3.643890393e-01,2.559811675e-01,1.133202695e+01,-8.202921958e-02,9.936590171e+02,-2.018417316e+05,16
3.690644276e-01,2.675257102e-01,1.000092694e+01,2.493538365e+00,1.000315680e+03,-2.422280565e+04,16
4.224931805e-01,2.283843604e-01,1.309712046e+01,-1.763684109e+00,1.008228603e+03,2.383849956e+05,14
4.366368556e-01,2.369630119e-01,1.287621959e+01,-7.191725702e-01,9.970662732e+02,-9.859948691e+04,13
4.701734028e-01,2.525486400e-01,1.349648239e+01,2.049395354e+00,9.922930783e+02,-1.272251653e+05,11
5.001358261e-01,2.120817771e-01,7.485349792e+00,-6.816488947e+00,9.990990246e+02,-1.043705148e+05,9
5.019243393e-01,2.151610760e-01,1.777074590e+01,-3.086084319e+00,9.980457935e+02,-1.040002807e+05,8
4.500000000e-06,2.557616154e-01,0.000000000e+00,4.669018596e-02,1.005055390e+03,1.487736671e+06,13
1.024615822e-01,2.847931915e-01,-4.010450266e+00,2.236790660e+00,1.003725322e+03,1.317665056e+05,9
1.508356768e-01,2.747814069e-01,5.517756060e+00,-5.198221100e-01,9.947459027e+02,-2.937796558e+04,13
1.837083195e-01,3.072940354e-01,2.338808241e+00,5.768763308e+00,9.877870524e+02,-1.068034861e+05,16
2.136809414e-01,2.652318770e-01,5.685083831e+00,-9.183131097e-01,9.864203621e+02,-3.649928075e+05,13
2.609560554e-01,2.828194801e-01,6.092703550e+00,1.857943143e+00,1.002987543e+03,9.568748317e+04,13
2.703934441e-01,2.704782824e-01,8.263567363e+00,3.505456611e+00,9.948771246e+02,-3.562235762e+04,17
2.958972254e-01,2.860545672e-01,8.642772466e+00,3.577885842e+00,1.006643211e+03,2.811643360e+05,15
3.341998563e-01,2.746020716e-01,1.001434208e+01,1.049911950e+00,9.927739628e+02,-2.482670710e+05,14
3.514890449e-01,2.731097450e-01,1.194937359e+01,3.867983014e-01,1.002046696e+03,1.020021751e+05,15
3.912478046e-01,2.740005647e-01,1.190002479e+01,1.354354498e+00,9.966798004e+02,-5.447877426e+04,14
4.083231717e-01,2.932575732e-01,1.093568788e+01,1.591804768e+00,9.985942344e+02,-8.779270024e+04,14
4.422913438e-01,2.598837406e-01,1.197138243e+01,-1.488451329e+00,9.945399358e+02,-1.873547458e+05,13
4.374792410e-01,3.051425999e-01,1.062022976e+01,6.435020951e-01,9.995516845e+02,1.907629748e+04,10
4.585883099e-01,2.608581935e-01,1.129200118e+01,-7.529864710e-01,1.007153078e+03,2.418433937e+05,12
5.060232334e-01,3.101256973e-01,1.279458092e+01,1.841278281e+00,9.946924763e+02,-3.649928075e+05,7
4.500000000e-06,2.852683053e-01,0.000000000e+00,3.117977186e-02,1.004974398e+03,1.480555184e+06,12
1.049859366e-01,2.855445069e-01,-3.718441966e+00,4.814515714e+00,1.001402795e+03,-5.995299923e+03,9
1.424533103e-01,2.935351648e-01,2.909967096e+00,3.147206840e+00,1.003892449e+03,2.848617570e+05,15
1.983514182e-01,2.786801598e-01,4.734295440e+00,-1.124351519e+00,9.946923059e+02,-3.369556868e+04,12
2.213944051e-01,3.048556699e-01,5.716986564e+00,3.091786207e+00,9.989058065e+02,4.379425842e+03,17
2.432586689e-01,2.927836075e-01,7.434146077e+00,-1.767192998e-01,1.004196599e+03,2.111231139e+05,15
2.813562041e-01,2.921032321e-01,1.103468944e+01,-1.797433159e+00,9.917394007e+02,-1.966895260e+05,15
3.076261236e-01,2.828751306e-01,1.103519004e+01,-2.167493436e+00,9.917720992e+02,-2.205343838e+05,14
3.286528158e-01,2.976315372e-01,1.041852341e+01,4.871018286e-01,1.003750635e+03,8.620589799e+04,15
3.641503701e-01,2.953738528e-01,1.280488378e+01,1.206865037e+00,9.978648676e+02,-1.021425929e+05,16
3.825782675e-01,3.085682861e-01,1.191190967e+01,1.870133033e+00,9.971145183e+02,-6.230336611e+04,14
4.026555341e-01,2.658288310e-01,1.167360024e+01,-4.635266041e-01,1.000202245e+03,-2.589764511e+04,15
4.249570185e-01,2.809422702e-01,1.156030301e+01,-2.279560217e+00,1.001132760e+03,1.416091911e+04,12
4.384557837e-01,2.716595787e-01,1.052479951e+01,1.370725201e+00,1.000808304e+03,3.075297582e+04,12
5.074244130e-01,3.065315192e-01,1.119314023e+01,-3.745416072e+00,9.897816254e+02,-1.942979010e+05,7
4.989871578e-01,2.692072591e-01,1.503407657e+01,2.728953232e+00,9.920190439e+02,-1.885980161e+05,9
4.500000000e-06,3.145412669e-01,0.000000000e+00,-3.882840238e-02,1.004958959e+03,1.479190987e+06,12
1.053095639e-01,3.222062559e-01,-1.647618676e+00,-7.684725382e-01,9.989514212e+02,-4.807198718e+04,11
1.356816371e-01,2.988834141e-01,-2.925466660e-01,-2.234761359e+00,9.822846927e+02,-3.236755439e+05,11
1.994281302e-01,3.143041723e-01,2.948113554e+00,-6.202968505e-01,9.961174696e+02,-1.219796258e+05,15
2.206946246e-01,2.915935031e-01,4.735885884e+00,-1.144286641e+00,9.939991923e+02,1.491137089e+05,14
2.423944340e-01,3.037563591e-01,6.102240930e+00,-4.101772445e-02,9.921503663e+02,-2.325618044e+05,16
2.758010304e-01,3.083445573e-01,9.352655091e+00,1.500066570e+00,9.993579627e+02,8.073516197e+04,15
3.098929914e-01,3.137334809e-01,1.127941824e+01,8.909399748e-01,1.000346517e+03,-1.072263607e+04,14
3.308108691e-01,3.009858796e-01,1.105438826e+01,-1.569685803e+00,9.973150410e+02,-4.991219163e+04,15
3.622473297e-01,3.061649335e-01,1.163873287e+01,4.090182807e-01,9.997515374e+02,-1.844690913e+04,15
3.830031612e-01,2.902434888e-01,1.257346671e+01,-2.063829794e+00,1.003049730e+03,1.030229064e+05,14
4.025044517e-01,3.332886436e-01,1.171289692e+01,7.340028416e-01,9.983191863e+02,-1.040015269e+05,15
4.248846288e-01,3.174521923e-01,1.171496947e+01,2.030012200e+00,9.992291825e+02,-4.001659450e+04,12
4.403449055e-01,3.258650096e-01,1.191900699e+01,-2.432335787e+00,1.001068178e+03,-1.371573755e+04,12
5.073665018e-01,2.830159587e-01,1.340985463e+01,-9.074912524e-01,1.000000000e+03,0.000000000e+00,6
4.950226931e-01,3.340059133e-01,1.448709730e+01,-2.917786377e+00,9.990279177e+02,-7.152811976e+03,8
4.500000000e-06,3.440504602e-01,0.000000000e+00,-5.493995356e-02,1.005069082e+03,1.488723381e+06,13
1.149785386e-01,3.170197182e-01,4.383723181e+00,1.849241534e+00,1.002155983e+03,-6.372968745e+04,12
1.410093487e-01,3.144851052e-01,2.295893299e+00,-1.618499711e+00,1.019837986e+03,4.878504676e+05,14
1.841953104e-01,2.997671870e-01,3.067845514e+00,-2.352448426e-01,9.974881325e+02,-9.461187037e+04,16
2.195218676e-01,3.288221721e-01,6.697125000e+00,-8.407504179e-01,9.884465052e+02,-1.205764030e+05,15
2.615002964e-01,3.143049492e-01,6.804076410e+00,-2.409476871e+00,9.973433228e+02,7.315187553e+04,16
2.706741101e-01,3.296176722e-01,6.655119488e+00,-2.867657387e+00,9.996278156e+02,2.577244748e+04,14
2.957157333e-01,3.172753280e-01,9.440143669e+00,-6.447775581e-01,9.960096303e+02,-5.595194626e+04,14
3.309199004e-01,3.254613318e-01,9.555687482e+00,-1.122385388e+00,9.927648956e+02,-1.931952599e+05,15
3.508585830e-01,3.238951105e-01,1.119485148e+01,-7.780402039e-01,1.001137814e+03,5.335173105e+04,14
3.929782681e-01,3.250814228e-01,1.321331393e+01,-1.871355462e+00,9.992577047e+02,1.018729701e+04,14
4.085368499e-01,3.054799194e-01,1.078814713e+01,-1.606385890e+00,1.000405031e+03,-2.856926760e+04,13
4.408654688e-01,3.380441532e-01,1.129749045e+01,8.278310795e-01,9.953149426e+02,-1.536027647e+05,14
4.370934111e-01,2.934523490e-01,9.913267828e+00,-3.383725798e-01,9.984965100e+02,-2.930912571e+04,11
4.592232662e-01,3.396308999e-01,1.177099361e+01,1.089098910e+00,1.001376740e+03,6.701849255e+04,11
5.047145592e-01,2.912143831e-01,1.124713569e+01,9.382706477e-01,1.014940503e+03,8.589042239e+05,8
4.500000000e-06,3.733168231e-01,0.000000000e+00,-5.682955374e-02,1.004876180e+03,1.473631732e+06,12
9.599868906e-02,3.531065053e-01,-9.572622267e+00,2.482159212e+00,1.000081176e+03,-3.994837454e+04,13
1.388322903e-01,3.321083316e-01,3.066051793e+00,1.174835978e+00,9.769629280e+02,-3.649928075e+05,14
1.690998750e-01,3.291731537e-01,6.895289142e+00,-3.453169393e+00,9.913599172e+02,-2.115949798e+05,13
2.187631815e-01,3.262125927e-01,2.720868161e+00,-8.927617939e-01,1.003989542e+03,3.901850419e+05,16
2.456970414e-01,3.345604386e-01,1.040547308e+01,3.881367395e-01,1.007749433e+03,1.584992759e+05,15
2.692152306e-01,3.447000603e-01,7.505540101e+00,8.394444552e-01,9.975882303e+02,9.344379170e+04,15
3.023347420e-01,3.307552932e-01,1.017585413e+01,-1.229820126e+00,9.994071466e+02,5.524330328e+04,17
3.372430898e-01,3.367526089e-01,1.211253216e+01,-5.001221647e-01,1.003644759e+03,1.013017536e+05,15
3.660668217e-01,3.404818579e-01,1.186869607e+01,-3.606044878e-01,9.893307693e+02,-3.220098043e+05,15
3.694507551e-01,3.330512724e-01,1.012782477e+01,-1.450444332e+00,1.005607464e+03,1.547958311e+05,17
4.225000322e-01,3.707910407e-01,1.371959817e+01,6.373637514e-01,1.006538225e+03,2.157733599e+05,13
4.361352626e-01,3.610634257e-01,1.331681400e+01,9.294683960e-01,9.928796668e+02,-2.630197511e+05,14
4.702910214e-01,3.485346580e-01,1.423162176e+01,-1.792187078e+00,9.936094426e+02,-2.006821544e+05,12
4.997514733e-01,3.821764513e-01,9.177129078e+00,5.428511179e+00,1.000476831e+03,8.545863559e+04,11
5.000738722e-01,3.842671458e-01,1.927282235e+01,2.678564567e+00,9.998856882e+02,1.961183770e+04,9
4.500000000e-06,4.027853636e-01,0.000000000e+00,-1.047320615e-01,1.005176573e+03,1.502332674e+06,13
1.049434882e-01,3.303418822e-01,-1.806347417e+00,-4.598039732e+00,9.992343039e+02,-5.939437453e+04,10
1.352337163e-01,3.549444007e-01,7.013176429e+00,-5.010228399e+00,1.001026540e+03,2.259429407e+05,16
1.827450535e-01,3.246916451e-01,1.576312014e+00,-1.574463568e+00,1.010915456e+03,7.257226782e+05,13
2.192732793e-01,3.665864172e-01,3.894151815e+00,5.459517323e+00,9.807288298e+02,-3.649928075e+05,11
2.449193623e-01,3.387634748e-01,8.560507648e+00,-6.660878204e+00,9.852085843e+02,-3.649928075e+05,15
3.026393578e-01,3.569810223e-01,1.276989858e+01,-8.203662807e-01,9.946039987e+02,-1.024503864e+05,17
3.088027456e-01,3.461899458e-01,1.227763812e+01,-2.269218371e+00,9.992593924e+02,-4.889528026e+03,14
3.334235745e-01,3.566874523e-01,9.375433430e+00,-1.296823869e+00,9.965771159e+02,-7.382291589e+04,15
3.455956402e-01,3.622080657e-01,1.168802717e+01,-8.471694888e-01,9.986215347e+02,-3.093069771e+04,16
3.777700255e-01,3.598477049e-01,9.903931348e+00,8.274758108e-01,1.007295362e+03,2.649811530e+05,14
4.008421220e-01,3.468734036e-01,1.237448701e+01,-5.460309832e-01,9.995521278e+02,-1.567368667e+04,16
4.529284250e-01,3.584992148e-01,1.120124567e+01,-1.831357569e+00,1.007314868e+03,3.443915021e+05,14
4.839661708e-01,3.303192141e-01,1.460135938e+01,-3.192011103e+00,1.003759520e+03,7.366738997e+04,10
4.885563694e-01,3.758879453e-01,1.237966496e+01,4.458125377e+00,9.985525234e+02,-5.441058963e+04,11
4.890939835e-01,3.430841461e-01,8.869753339e+00,-1.333697419e+00,9.984582956e+02,4.604313175e+04,11
4.500000000e-06,4.319438848e-01,0.000000000e+00,-1.069670163e-01,1.004792986e+03,1.474313215e+06,12
9.697856006e-02,3.558640861e-01,-2.900428676e+00,-6.457527569e+00,1.004855036e+03,2.775131192e+05,14
1.565984224e-01,3.271603696e-01,9.221191125e+00,-5.482537273e+00,1.004573355e+03,2.383952259e+05,13
1.497600819e-01,3.499440148e-01,6.958635809e+00,-2.898644850e+00,1.013484335e+03,3.047399410e+05,12
1.915275313e-01,3.564103254e-01,1.503912084e+00,-5.083225526e+00,9.635036148e+02,-3.649928075e+05,12
2.294445245e-01,3.617079304e-01,7.796113041e+00,1.606248759e+00,1.011765673e+03,1.600622565e+05,14
2.705301461e-01,3.599027101e-01,8.519335098e+00,-2.071262491e+00,1.005220750e+03,3.585287598e+05,15
3.114086129e-01,3.820423761e-01,1.217084891e+01,1.873008564e+00,9.930119142e+02,-1.917600261e+05,14
3.466715664e-01,3.862997203e-01,1.404106585e+01,1.128748061e-01,9.977126538e+02,-2.261472763e+02,15
3.762953901e-01,3.766971387e-01,1.177997514e+01,4.814622839e-01,9.941398153e+02,-1.505792344e+05,14
3.906687930e-01,3.790525314e-01,1.286272076e+01,-2.942516709e+00,9.978825503e+02,-1.184481177e+05,12
4.212047407e-01,4.196659645e-01,1.420180118e+01,2.512267180e+00,1.002317505e+03,5.847506859e+04,14
4.231213126e-01,3.779825512e-01,1.031279564e+01,4.446636821e-01,9.969450584e+02,-2.335112253e+03,13
4.419680916e-01,3.955575612e-01,1.098351845e+01,1.280081319e+00,1.009216619e+03,2.328010825e+05,16
4.765039440e-01,4.042613521e-01,1.103436269e+01,3.106149856e+00,1.000972397e+03,1.238034671e+05,14
5.139303292e-01,4.119118316e-01,5.870601885e+00,4.989649111e-01,9.936353381e+02,-3.649928075e+05,12
4.500000000e-06,4.612678013e-01,0.000000000e+00,-1.345644003e-01,1.005295180e+03,1.521106359e+06,13
9.828683455e-02,3.870369656e-01,-2.940777939e+00,-2.030195270e+00,1.001782605e+03,-8.628225913e+04,11
1.314456777e-01,3.693269559e-01,8.614581494e+00,3.038987934e+00,9.943478490e+02,-2.539141000e+05,13
1.392599886e-01,3.711283057e-01,-2.663688333e+00,-1.136358440e+01,9.918467600e+02,-1.285595840e+05,12
2.634589781e-01,3.647371272e-01,9.223477992e+00,-3.149999608e+00,9.951459624e+02,-6.288914291e+04,15
2.916282965e-01,3.740427207e-01,1.281691124e+01,-3.459144202e-01,1.006306421e+03,3.102237732e+05,14
2.587157684e-01,3.915337135e-01,6.245393663e+00,-3.859495303e+00,1.004250727e+03,8.503865746e+03,14
3.181310143e-01,3.697980702e-01,1.087487442e+01,-3.635982126e+00,1.001314919e+03,7.093081532e+04,14
3.450695196e-01,3.958681692e-01,1.150647753e+01,-2.103544938e+00,1.003009613e+03,1.032970194e+05,15
3.590223071e-01,3.700729601e-01,1.184435292e+01,-3.599192787e+00,9.990295503e+02,4.880664449e+04,13
4.022407874e-01,3.961871602e-01,1.222993287e+01,-2.303600286e+00,9.986660264e+02,3.896352015e+04,13
3.992879169e-01,3.601289185e-01,1.041776272e+01,-2.453952768e+00,9.957643504e+02,-1.405348177e+05,13
4.413223317e-01,3.976608130e-01,1.193826215e+01,-5.075977947e+00,9.932282065e+02,-1.699070731e+05,16
4.553810118e-01,3.780551574e-01,1.376793596e+01,-6.608559471e-01,9.964889425e+02,-1.528669575e+05,16
4.784323144e-01,4.033930924e-01,1.525962068e+01,-2.434006816e+00,9.988145996e+02,-7.540777865e+03,14
4.698194309e-01,3.834970029e-01,9.955973500e+00,6.973025043e-01,1.000266612e+03,-2.670846843e+04,14
4.500000000e-06,4.903268225e-01,0.000000000e+00,-1.598515577e-01,1.004722380e+03,1.481767553e+06,12
1.261482227e-01,4.287426635e-01,1.280438360e+01,-1.520400033e+01,1.020093330e+03,-9.603880677e+04,4
1.085915569e-01,3.622521419e-01,-6.822489507e-01,-9.233168618e+00,9.925354262e+02,-2.557298190e+05,13
1.610471080e-01,3.757044954e-01,3.124801719e+00,3.429998977e+00,9.926326116e+02,-3.649928075e+05,6
2.250059392e-01,4.074257164e-01,1.274079638e+01,-8.542986442e+00,9.826504383e+02,-3.649928075e+05,9
2.555749905e-01,3.938345015e-01,6.274754971e+00,2.313174345e+00,9.999150204e+02,-3.649928075e+05,14
3.087635948e-01,4.017546195e-01,1.240448082e+01,-4.303399117e-01,9.911292196e+02,-3.033706600e+05,14
2.947035626e-01,3.953068941e-01,6.733069045e+00,-6.141374568e+00,1.010088558e+03,5.106205137e+05,15
3.273762854e-01,4.236347408e-01,1.063618466e+01,2.015059733e+00,1.002980014e+03,-1.990595163e+04,14
3.506323268e-01,4.062252819e-01,9.662033607e+00,1.408495621e+00,9.954867712e+02,-1.843972544e+05,14
3.855275889e-01,4.082789181e-01,1.477819116e+01,8.418863675e-01,9.992714668e+02,-1.155346450e+05,15
3.976191409e-01,4.371102968e-01,1.163073824e+01,1.794895587e+00,1.000906333e+03,-2.272903134e+04,13
4.117164011e-01,4.090861968e-01,1.070395512e+01,6.267049336e-01,9.945360024e+02,-2.315144104e+05,13
4.574182499e-01,4.227497258e-01,1.143203571e+01,-1.430838500e+00,9.991005624e+02,4.855846174e+04,13
5.387339100e-01,3.988764464e-01,1.295994768e+01,3.095650524e+00,9.951310442e+02,-3.304356812e+05,7
5.253638675e-01,4.834558343e-01,1.415093051e+01,2.814101636e+00,1.000000000e+03,0.000000000e+00,5
1.246278951e-01,4.226793218e-01,-2.604063621e+00,-1.396688579e+01,1.009104433e+03,8.280956722e+03,6
7.684692449e-02,4.404910662e-01,1.282084490e+00,2.532944856e+00,9.856911383e+02,-3.649928075e+05,10
1.031312130e-01,4.404957301e-01,8.591588157e-01,5.824520661e+00,9.362077668e+02,-3.649928075e+05,6
2.440773820e-01,3.789946940e-01,1.492046969e+01,-8.738583168e+00,9.909247057e+02,6.630358130e+04,13
2.260845745e-01,4.175463399e-01,4.499090530e+00,-1.008856546e+01,1.051490781e+03,1.424384504e+06,9
2.820091132e-01,3.846467632e-01,1.267985322e+01,-8.782075001e+00,9.856127427e+02,-3.487634846e+05,16
2.844484739e-01,4.488971110e-01,7.538765106e+00,6.075186090e-01,9.889941030e+02,-3.649928075e+05,11
3.222515837e-01,4.449870022e-01,1.056767726e+01,2.068622816e+00,9.884288729e+02,-3.649928075e+05,13
3.123810435e-01,4.153603795e-01,1.191690652e+01,-5.770450586e+00,9.900007196e+02,-2.230122490e+05,17
3.871511436e-01,4.086928274e-01,1.292649713e+01,-6.477144060e-01,1.004851361e+03,2.200921383e+05,14
3.790854224e-01,4.406648761e-01,8.894416331e+00,-1.431526917e+00,1.000835958e+03,4.367135070e+04,11
4.041820549e-01,4.458940793e-01,9.677533468e+00,1.792268829e+00,9.967004632e+02,-1.084220002e+05,12
4.172765878e-01,4.584356277e-01,9.289098627e+00,2.090131352e+00,1.000731258e+03,6.246379725e+04,11
4.588129256e-01,4.219668530e-01,1.086650647e+01,1.499017993e-01,9.990149922e+02,5.680213508e+04,13
4.303512908e-01,4.344892962e-01,8.866297438e+00,7.559337243e-01,9.968837249e+02,-7.032402400e+04,11
5.366085491e-01,3.983275613e-01,1.686770270e+01,2.399855199e+00,9.958933050e+02,-1.894767031e+05,7
4.500000000e-06,5.194086667e-01,0.000000000e+00,-1.747211125e-01,1.005231801e+03,1.529256890e+06,14
7.265952013e-02,4.284076954e-01,-8.735601269e+00,8.020440545e-01,1.002091799e+03,1.487406938e+05,9
1.181716517e-01,4.041205708e-01,-1.379211864e+00,-8.810032865e+00,9.890779376e+02,-3.649928075e+05,9
2.236798028e-01,4.363437420e-01,7.840712653e+00,-9.042736799e-01,9.342895488e+02,-3.649928075e+05,7
2.775883932e-01,4.213263427e-01,8.250055970e+00,3.824014415e+00,9.943476698e+02,-3.631566710e+05,13
2.490245541e-01,4.966649584e-01,5.941246072e+00,-5.372610032e+00,9.949080863e+02,-1.223955325e+05,11
2.869825968e-01,4.186091863e-01,5.492959312e+00,-3.577067322e+00,1.005685298e+03,3.508919527e+05,15
2.928244609e-01,4.939334643e-01,1.059443149e+01,-9.658274924e-01,9.917516596e+02,-3.649928075e+05,8
3.145042295e-01,4.358507431e-01,7.080323460e+00,-3.797163811e-01,1.004480574e+03,1.323251007e+05,14
3.538063445e-01,4.239461752e-01,1.101300644e+01,-3.607182807e-01,9.971376441e+02,-4.713649637e+04,14
3.742209983e-01,4.399629850e-01,1.152146431e+01,8.347746134e-01,9.938243499e+02,-1.565044770e+05,12
4.184178306e-01,4.669332741e-01,9.908429787e+00,1.979292091e+00,9.996681491e+02,-2.180439569e+04,11
4.372861828e-01,4.308378390e-01,1.321480774e+01,-2.690618521e+00,9.997991794e+02,7.951254991e+04,12
5.187832409e-01,4.361081546e-01,1.174732627e+01,1.543116120e+00,9.921702379e+02,-3.649928075e+05,9
5.159176369e-01,4.317028709e-01,1.529590463e+01,-1.193809876e+01,1.011348609e+03,1.606599562e+05,8
5.330206492e-01,4.956519538e-01,1.305067554e+01,1.042624834e+00,1.000000000e+03,0.000000000e+00,6
1.943000029e-01,3.373800745e-01,9.361309031e+00,-7.796800408e+00,9.889197488e+02,-3.649928075e+05,13
1.764665171e-01,4.758070966e-01,1.161581298e+01,-1.637015168e+01,4.220578283e+02,-3.649928075e+05,1
1.721511694e-01,3.697853475e-01,3.443790327e+00,-5.586868862e+00,9.776006320e+02,-3.649928075e+05,8
2.270508627e-01,3.781678509e-01,1.139816991e+01,1.216789506e+00,1.000197874e+03,-1.327356076e+05,10
2.832337196e-01,4.962089697e-01,7.854301289e+00,6.308073654e+00,1.007465895e+03,6.575476317e+04,8
2.797805457e-01,4.294865365e-01,1.839444444e+01,-3.030048889e+00,9.945346888e+02,6.448598894e+04,13
3.374103052e-01,4.611401949e-01,1.286353956e+01,-5.398546806e-01,9.961718376e+02,-7.927163415e+04,10
3.003951665e-01,4.696876983e-01,8.464914495e+00,-7.217939750e+00,9.778567025e+02,-3.649928075e+05,8
3.784576201e-01,4.955110564e-01,1.480145575e+01,1.185386186e+00,1.008064050e+03,1.367399958e+05,10
3.514908009e-01,4.533518808e-01,8.909951826e+00,-1.118609418e+00,1.002336537e+03,-1.334715902e+04,10
3.458140915e-01,4.737571245e-01,7.614673238e+00,-3.141881903e+00,1.000368212e+03,8.420279930e+04,8
4.286696847e-01,4.932581692e-01,1.123029657e+01,3.799521572e+00,9.968349815e+02,-8.270308052e+04,9
4.428278890e-01,4.990894575e-01,1.558370864e+01,-1.516020010e+00,9.994925808e+02,-1.573741231e+05,9
4.883321204e-01,4.392578845e-01,1.496168367e+01,-4.133892721e+00,1.009030555e+03,2.922667687e+05,9
5.374894466e-01,4.146481839e-01,1.633543703e+01,-7.166290486e+00,1.008170454e+03,3.048684008e+05,5
5.375298559e-01,4.922687761e-01,1.510821920e+01,3.382353322e+00,1.000000000e+03,0.000000000e+00,5
4.500000000e-06,5.485836288e-01,0.000000000e+00,-1.593680566e-01,1.004242384e+03,1.484756035e+06,12
1.172546543e-01,3.921182769e-01,1.522939210e+00,-1.742622086e+00,1.001879288e+03,7.354985831e+03,11
9.940639955e-02,3.899672638e-01,1.828954723e-02,-5.150501284e+00,1.004475866e+03,1.268731555e+05,11
2.571655051e-01,4.533681309e-01,1.045867408e+01,-1.001507074e+01,1.004324809e+03,-1.921887366e+05,10
2.868638884e-01,5.028529845e-01,9.662938421e+00,6.929565204e+00,9.973270769e+02,1.011550112e+05,9
2.406123816e-01,5.028060264e-01,8.425235026e+00,-6.324967529e+00,1.028175763e+03,7.008165363e+05,9
2.907917451e-01,4.515496394e-01,1.414440945e+01,6.615599175e-01,1.011466973e+03,6.777938532e+03,12
3.170337978e-01,5.166764089e-01,2.150720833e+01,-3.118802369e+00,1.007039026e+03,-3.012656008e+05,11
3.493965942e-01,4.743079987e-01,1.097936442e+01,-3.611778799e+00,9.980813346e+02,-2.005232030e+05,9
3.523486778e-01,4.326918523e-01,1.549990620e+01,-2.421654557e+00,1.001173891e+03,1.408832592e+05,15
4.063995022e-01,5.034418246e-01,1.141058742e+01,-4.587403983e-01,1.000892377e+03,-1.336076917e+04,13
4.144641471e-01,5.027437130e-01,1.153062477e+01,1.088535939e+00,1.003598769e+03,2.384199570e+05,13
4.121768642e-01,4.790858755e-01,9.485902181e+00,3.090306484e-01,9.987951156e+02,-1.066663834e+05,10
4.791354471e-01,4.437934762e-01,1.405367483e+01,-7.244268071e+00,9.955268542e+02,-1.872237722e+05,9
5.275418270e-01,4.760662838e-01,2.266338914e+01,-1.259027480e-01,9.998695325e+02,-1.360256317e+05,6
5.173250082e-01,5.082924135e-01,1.307474491e+01,8.919494917e-01,1.000004973e+03,-5.749010071e+04,8
4.500000000e-06,5.776199062e-01,0.000000000e+00,-8.094811022e-02,1.004453215e+03,1.523314721e+06,13
1.972122799e-01,4.498136633e-01,1.231703487e+01,-1.386359020e+01,5.415953362e+02,-3.649928075e+05,4
2.483841008e-01,4.431081744e-01,1.146349659e+01,-5.176287122e+00,9.687426090e+02,-3.649928075e+05,11
2.948529951e-01,5.235510614e-01,1.858812496e+01,1.014287031e+00,9.826340312e+02,-3.649928075e+05,12
2.300736194e-01,5.287415214e-01,1.030448125e+01,-2.296865238e+00,1.009053138e+03,1.361211056e+05,11
2.502726391e-01,4.654107084e-01,9.011069603e+00,1.201220591e+00,1.013519093e+03,-1.646103187e+05,8
2.362420517e-01,4.799620280e-01,-1.777248819e+00,3.648259583e-01,9.879074974e+02,-3.649928075e+05,6
3.249785933e-01,5.239850093e-01,2.101334871e+01,4.769477014e+00,9.972021275e+02,-9.638466479e+04,13
3.664564813e-01,5.199748052e-01,1.766006997e+01,-1.901621395e+00,1.018237495e+03,3.088933978e+05,12
3.549946841e-01,5.196409158e-01,9.996608806e+00,5.566360027e+00,9.873261765e+02,-3.649928075e+05,12
3.919651256e-01,4.939941169e-01,7.159767851e+00,-4.387247821e+00,9.958712557e+02,-2.008759207e+05,10
4.484766689e-01,5.106348179e-01,1.401756704e+01,-2.949397008e+00,1.003920852e+03,1.637133176e+05,9
3.705115119e-01,4.985378108e-01,9.699764334e+00,1.925368168e+00,9.904573548e+02,-3.649928075e+05,10
4.858805597e-01,4.467816467e-01,1.485631393e+01,-5.338235411e+00,9.960774544e+02,-8.591230547e+04,9
4.457924970e-01,5.182955851e-01,7.864975394e+00,-4.347110500e+00,9.942386503e+02,-1.988491041e+05,11
5.190292473e-01,5.088249926e-01,1.116776918e+01,1.219876619e+00,1.000131940e+03,7.285508064e+04,8
4.500000000e-06,5.999955000e-01,0.000000000e+00,0.000000000e+00,9.981428255e+02,-1.536516048e+05,10
3.216676690e-02,5.999955000e-01,2.947790955e-01,0.000000000e+00,1.003115479e+03,1.116629305e+06,13
6.744979676e-02,5.999955000e-01,5.652757152e-01,0.000000000e+00,1.003717502e+03,1.159951084e+06,12
2.213866009e-01,4.277168958e-01,9.897348465e+00,-8.829030627e+00,1.000000000e+03,0.000000000e+00,6
1.030189911e-01,5.999955000e-01,6.836620681e-01,0.000000000e+00,1.004042350e+03,1.181122302e+06,13
2.399404482e-01,5.146895293e-01,4.760668118e+00,-3.397461545e-01,9.771612218e+02,-3.649928075e+05,7
1.385239846e-01,5.999955000e-01,8.363754918e-01,0.000000000e+00,1.004080237e+03,1.176449357e+06,13
1.750752382e-01,5.999955000e-01,7.574941401e-01,0.000000000e+00,1.003830184e+03,1.134565883e+06,13
2.127435596e-01,5.999955000e-01,6.975481927e-01,0.000000000e+00,1.003619326e+03,1.102881714e+06,12
2.514685398e-01,5.999955000e-01,6.663062550e-01,0.000000000e+00,1.003505318e+03,1.083730083e+06,12
2.913177892e-01,5.999955000e-01,5.795364169e-01,0.000000000e+00,1.003466398e+03,1.073112820e+06,12
3.325732579e-01,5.999955000e-01,4.935180133e-01,0.000000000e+00,1.003504633e+03,1.071092152e+06,11
3.883151616e-01,5.999955000e-01,3.268608069e-02,0.000000000e+00,1.003451913e+03,1.064939438e+06,11
4.314160044e-01,5.999955000e-01,-1.509424530e-03,0.000000000e+00,1.003440052e+03,1.063970228e+06,11
5.446889111e-01,5.999955000e-01,4.088983387e-01,0.000000000e+00,1.003661219e+03,1.082978890e+06,11
9.999955000e-01,4.844478027e-01,0.000000000e+00,2.577982088e-02,1.003672942e+03,1.084099950e+06,11
