id,is_boundary,x,y,vx,vy,rho,p,m
0,0,0.050000000000000003,0.048972341237968467,0,-0.067977321671800942,1020,25004.681136676067,0.39965556373580352
1,0,0.050000000000000003,0.068001986321759259,0,-0.17709051041828072,896.29450461984902,0,0.39965556373580352
2,0,0.050000000000000003,0.087845131220529671,0,-0.20190484556825461,862,0,0.39965556373580352
3,0,0.050000000000000003,0.10783016100819869,0,-0.20492680107209604,862,0,0.39965556373580352
4,0,0.050000000000000003,0.12782895191680382,0,-0.20522812747107089,862,0,0.39965556373580352
5,0,0.050000000000000003,0.14782886832474396,0,-0.20525308787466556,862,0,0.39965556373580352
6,0,0.050000000000000003,0.16782886329249744,0,-0.20525484875692601,862,0,0.39965556373580352
7,0,0.050000000000000003,0.1878288630252283,0,-0.20525495647090064,862,0,0.39965556373580352
8,0,0.050000000000000003,0.2078288630125695,0,-0.20525496226606671,862,0,0.39965556373580352
9,0,0.050000000000000003,0.22782886301202995,0,-0.20525496254347916,862,0,0.39965556373580352
10,0,0.050000000000000003,0.24782886301200918,0,-0.20525496255540687,862,0,0.39965556373580352
11,0,0.050000000000000003,0.26782886301200876,0,-0.20525496255587114,862,0,0.39965556373580352
12,0,0.050000000000000003,0.28782886301200872,0,-0.20525496255588749,862,0,0.39965556373580352
13,0,0.050000000000000003,0.30782886301200874,0,-0.20525496255588488,862,0,0.39965556373580352
14,0,0.050000000000000003,0.32782886301200892,0,-0.20525496255579168,862,0,0.39965556373580352
15,0,0.050000000000000003,0.34782886301201299,0,-0.20525496255326675,862,0,0.39965556373580352
16,0,0.050000000000000003,0.36782886301212675,0,-0.20525496249121403,862,0,0.39965556373580352
17,0,0.050000000000000003,0.3878288630149479,0,-0.20525496111918343,862,0,0.39965556373580352
18,0,0.050000000000000003,0.40782886307795491,0,-0.20525493408201254,862,0,0.39965556373580352
19,0,0.050000000000000003,0.42782886433496931,0,-0.2052544647487983,862,0,0.39965556373580352
20,0,0.050000000000000003,0.44782888649408964,0,-0.20524739386089613,862,0,0.39965556373580352
21,0,0.050000000000000003,0.46782922702327545,0,-0.20515673255005118,862,0,0.39965556373580352
22,0,0.050000000000000003,0.48783371128585301,0,-0.20419374009010169,862,0,0.39965556373580352
23,0,0.050000000000000003,0.50788330927137026,0,-0.19601101284826239,862,0,0.39965556373580352
24,0,0.050000000000000003,0.52833973371691578,0,-0.14141946148298465,850,0,0.39965556373580352
25,0,0.070000000000000007,0.048969582992079215,0,-0.068465436981765479,1020,25004.681136676067,0.39965556373580352
26,0,0.070000000000000007,0.068015613118113147,0,-0.17498305193349004,1020,25004.681136676067,0.39965556373580352
27,0,0.070000000000000007,0.087846544713646224,0,-0.20160470292602745,1004.6948531353239,5605.2353522341728,0.39965556373580352
28,0,0.070000000000000007,0.10783028408527703,0,-0.20489638586938205,1000.4397145531393,518.31530352736502,0.39965556373580352
29,0,0.070000000000000007,0.12782896117521095,0,-0.20522541744317546,1000.0352960694674,41.55493294733332,0.39965556373580352
30,0,0.070000000000000007,0.14782886892284264,0,-0.20525288331358998,1000.0024365144875,2.8682858204795738,0.39965556373580352
31,0,0.070000000000000007,0.16782886332618682,0,-0.20525483549564622,1000.0001466483873,0.1726345573780565,0.39965556373580352
32,0,0.070000000000000007,0.18782886302690469,0,-0.20525495572070174,1000.0000077920461,0.0091727969158636059,0.39965556373580352
33,0,0.070000000000000007,0.20782886301264394,0,-0.2052549622285437,1000.0000003693738,0.00043482691367557891,0.39965556373580352
34,0,0.070000000000000007,0.22782886301203298,0,-0.20525496254180539,1000.0000000157545,1.8546207769531975e-05,0.39965556373580352
35,0,0.070000000000000007,0.24782886301200932,0,-0.20525496255533973,1000.0000000006005,7.068010177135875e-07,0.39965556373580352
36,0,0.070000000000000007,0.26782886301200876,0,-0.20525496255586867,1000.0000000000146,1.7251799988571292e-08,0.39965556373580352
37,0,0.070000000000000007,0.28782886301200872,0,-0.20525496255588738,1000.0000000000005,5.2278181783549371e-10,0.39965556373580352
38,0,0.070000000000000007,0.30782886301200874,0,-0.20525496255588441,999.99999999999363,0,0.39965556373580352
39,0,0.070000000000000007,0.32782886301200898,0,-0.20525496255577858,999.9999999998804,0,0.39965556373580352
40,0,0.070000000000000007,0.34782886301201354,0,-0.20525496255292094,999.99999999669808,0,0.39965556373580352
41,0,0.070000000000000007,0.36782886301214213,0,-0.20525496248305156,999.99999991821301,0,0.39965556373580352
42,0,0.070000000000000007,0.38782886301530956,0,-0.20525496094736592,999.99999817646471,0,0.39965556373580352
43,0,0.070000000000000007,0.40782886308558552,0,-0.20525493089719934,999.99996369187534,0,0.39965556373580352
44,0,0.070000000000000007,0.42782886447644003,0,-0.20525441362001842,999.99936140240061,0,0.39965556373580352
45,0,0.070000000000000007,0.44782888875497878,0,-0.20524669891777381,999.99021239634135,0,0.39965556373580352
46,0,0.070000000000000007,0.46782925725989,0,-0.20514898885058588,999.87157089021139,0,0.39965556373580352
47,0,0.070000000000000007,0.48783403065179348,0,-0.20412685921658077,998.59436856959542,0,0.39965556373580352
48,0,0.070000000000000007,0.50788538146091389,0,-0.19566670387497961,987.49770854880126,0,0.39965556373580352
49,0,0.070000000000000007,0.52833775880794898,0,-0.14174597676946607,958.63775210414553,0,0.39965556373580352
50,0,0.090000000000000011,0.048971541895611072,0,-0.068196277702155167,1020,25004.681136676067,0.39965556373580352
51,0,0.090000000000000011,0.068016991958190151,0,-0.1747147204086997,1020,25004.681136676067,0.39965556373580352
52,0,0.090000000000000011,0.087846578846351053,0,-0.20158279863494488,1004.7759630172295,5703.463119270722,0.39965556373580352
53,0,0.090000000000000011,0.10783028129425556,0,-0.20489578185434604,1000.4461969833144,525.96672428588693,0.39965556373580352
54,0,0.090000000000000011,0.12782896081239439,0,-0.20522543773357463,1000.0357569856519,42.097639148215791,0.39965556373580352
55,0,0.090000000000000011,0.14782886890185193,0,-0.20525288677794792,1000.0024681347461,2.9055097366317795,0.39965556373580352
56,0,0.090000000000000011,0.16782886332536398,0,-0.2052548356959257,1000.000148706664,0.17505756305232925,0.39965556373580352
57,0,0.090000000000000011,0.18782886302689333,0,-0.20525495571575755,1000.0000079133897,0.0093156426039417029,0.39965556373580352
58,0,0.090000000000000011,0.20782886301264447,0,-0.2052549622276218,1000.0000003760674,0.00044270654262490439,0.39965556373580352
59,0,0.090000000000000011,0.22782886301203298,0,-0.20525496254176595,1000.0000000160719,1.8919735378375435e-05,0.39965556373580352
60,0,0.090000000000000011,0.24782886301200932,0,-0.20525496255533804,1000.000000000613,7.2170029952189907e-07,0.39965556373580352
61,0,0.090000000000000011,0.26782886301200876,0,-0.20525496255586859,1000.0000000000152,1.8035972715324533e-08,0.39965556373580352
62,0,0.090000000000000011,0.28782886301200872,0,-0.20525496255588738,1000.0000000000005,5.2278181783549371e-10,0.39965556373580352
63,0,0.090000000000000011,0.30782886301200874,0,-0.20525496255588441,999.99999999999341,0,0.39965556373580352
64,0,0.090000000000000011,0.32782886301200898,0,-0.20525496255577891,999.99999999987813,0,0.39965556373580352
65,0,0.090000000000000011,0.34782886301201354,0,-0.20525496255293504,999.9999999966567,0,0.39965556373580352
66,0,0.090000000000000011,0.36782886301214107,0,-0.20525496248352751,999.99999991734921,0,0.39965556373580352
67,0,0.090000000000000011,0.38782886301527858,0,-0.20525496096103429,999.99999816175773,0,0.39965556373580352
68,0,0.090000000000000011,0.40782886308473348,0,-0.20525493123045155,999.99996349685534,0,0.39965556373580352
69,0,0.090000000000000011,0.42782886445622992,0,-0.20525442043874817,999.99935968996465,0,0.39965556373580352
70,0,0.090000000000000011,0.44782888835063539,0,-0.20524681383891147,999.99020979563034,0,0.39965556373580352
71,0,0.090000000000000011,0.46782925059517616,0,-0.20515053097592717,999.87177311033633,0,0.39965556373580352
72,0,0.090000000000000011,0.48783394526972573,0,-0.20414215647334413,998.59812012239058,0,0.39965556373580352
73,0,0.090000000000000011,0.50788466680625444,0,-0.19576001891539957,987.4921324102786,0,0.39965556373580352
74,0,0.090000000000000011,0.52833860666344967,0,-0.14162117395113485,958.63431574861659,0,0.39965556373580352
75,0,0.11000000000000001,0.048971548460067439,0,-0.068194092823439661,1020,25004.681136676067,0.39965556373580352
76,0,0.11000000000000001,0.068017084939947889,0,-0.17469325546211995,1020,25004.681136676067,0.39965556373580352
77,0,0.11000000000000001,0.087846597548079372,0,-0.20157730919889791,1004.7833753680559,5712.4421871206459,0.39965556373580352
78,0,0.11000000000000001,0.10783028169899248,0,-0.20489541701965061,1000.4466682943812,526.52303949148268,0.39965556373580352
79,0,0.11000000000000001,0.12782896072742253,0,-0.20522543811878671,1000.0357542611343,42.094431158083971,0.39965556373580352
80,0,0.11000000000000001,0.14782886888977176,0,-0.20525288954136073,1000.0024653262353,2.9022035088508553,0.39965556373580352
81,0,0.11000000000000001,0.16782886332449509,0,-0.20525483596877547,1000.0001484071652,0.17470499268365763,0.39965556373580352
82,0,0.11000000000000001,0.18782886302688592,0,-0.20525495569464972,1000.0000078937724,0.0092925489785297289,0.39965556373580352
83,0,0.11000000000000001,0.20782886301264475,0,-0.20525496222599188,1000.0000003756554,0.00044222166248886197,0.39965556373580352
84,0,0.11000000000000001,0.22782886301203298,0,-0.20525496254176701,1000.0000000160655,1.8912416432925738e-05,0.39965556373580352
85,0,0.11000000000000001,0.24782886301200932,0,-0.2052549625553389,1000.0000000006132,7.2196169043081682e-07,0.39965556373580352
86,0,0.11000000000000001,0.26782886301200876,0,-0.20525496255586861,1000.0000000000155,1.829736362424228e-08,0.39965556373580352
87,0,0.11000000000000001,0.28782886301200872,0,-0.20525496255588738,1000.0000000000007,7.8417272675324057e-10,0.39965556373580352
88,0,0.11000000000000001,0.30782886301200874,0,-0.20525496255588441,999.99999999999386,0,0.39965556373580352
89,0,0.11000000000000001,0.32782886301200898,0,-0.20525496255577952,999.99999999987858,0,0.39965556373580352
90,0,0.11000000000000001,0.34782886301201354,0,-0.20525496255295439,999.99999999667898,0,0.39965556373580352
91,0,0.11000000000000001,0.36782886301214013,0,-0.2052549624840305,999.99999991793015,0,0.39965556373580352
92,0,0.11000000000000001,0.3878288630152541,0,-0.20525496097254473,999.99999817521029,0,0.39965556373580352
93,0,0.11000000000000001,0.40782886308418198,0,-0.20525493146214302,999.99996376971671,0,0.39965556373580352
94,0,0.11000000000000001,0.42782886444543544,0,-0.20525442439583119,999.99936452605107,0,0.39965556373580352
95,0,0.11000000000000001,0.44782888817397326,0,-0.20524686721646948,999.99027418974697,0,0.39965556373580352
96,0,0.11000000000000001,0.46782924850249608,0,-0.20515105817619153,999.87239890530145,0,0.39965556373580352
97,0,0.11000000000000001,0.48783392927732283,0,-0.20414546942121026,998.6016235859131,0,0.39965556373580352
98,0,0.11000000000000001,0.50788463032538433,0,-0.19576681038595259,987.48777534046758,0,0.39965556373580352
99,0,0.11000000000000001,0.52833863208445575,0,-0.14161583539548137,958.63089410195471,0,0.39965556373580352
100,0,0.13,0.048971542755729174,0,-0.06819507065044271,1020,25004.681136676067,0.39965556373580352
101,0,0.13,0.06801708822496931,0,-0.1746921797141725,1020,25004.681136676067,0.39965556373580352
102,0,0.13,0.087846599451937596,0,-0.20157673731842354,1004.7837845076849,5712.9378164246918,0.39965556373580352
103,0,0.13,0.10783028209032813,0,-0.20489531440268469,1000.4467873848237,526.66360894988554,0.39965556373580352
104,0,0.13,0.12782896075632869,0,-0.20522542963664472,1000.0357654216029,42.107572080798519,0.39965556373580352
105,0,0.13,0.14782886888800156,0,-0.20525288875617745,1000.0024658448474,2.9028140279835899,0.39965556373580352
106,0,0.13,0.16782886332415192,0,-0.20525483596985739,1000.0001483588369,0.17464810065359923,0.39965556373580352
107,0,0.13,0.18782886302682802,0,-0.205254955736969,1000.0000078860792,0.0092834925677084557,0.39965556373580352
108,0,0.13,0.2078288630126415,0,-0.20525496222880751,1000.0000003746447,0.00044103181107146838,0.39965556373580352
109,0,0.13,0.22782886301203298,0,-0.20525496254181783,1000.0000000160101,1.8847068705696302e-05,0.39965556373580352
110,0,0.13,0.24782886301200932,0,-0.2052549625553399,1000.0000000006128,7.2143890861298132e-07,0.39965556373580352
111,0,0.13,0.26782886301200876,0,-0.20525496255586864,1000.0000000000152,1.8035972715324533e-08,0.39965556373580352
112,0,0.13,0.28782886301200872,0,-0.20525496255588738,1000.0000000000005,5.2278181783549371e-10,0.39965556373580352
113,0,0.13,0.30782886301200874,0,-0.20525496255588441,999.99999999999341,0,0.39965556373580352
114,0,0.13,0.32782886301200898,0,-0.20525496255577982,999.99999999987836,0,0.39965556373580352
115,0,0.13,0.34782886301201354,0,-0.20525496255296363,999.99999999668898,0,0.39965556373580352
116,0,0.13,0.36782886301213974,0,-0.2052549624842486,999.99999991818117,0,0.39965556373580352
117,0,0.13,0.38782886301524555,0,-0.20525496097683912,999.99999818017045,0,0.39965556373580352
118,0,0.13,0.40782886308404759,0,-0.20525493153305474,999.99996384913561,0,0.39965556373580352
119,0,0.13,0.42782886444398888,0,-0.20525442543777153,999.99936596211433,0,0.39965556373580352
120,0,0.13,0.44782888813331023,0,-0.2052468802851469,999.99028875722888,0,0.39965556373580352
121,0,0.13,0.46782924814852606,0,-0.20515115162385988,999.87248641999622,0,0.39965556373580352
122,0,0.13,0.4878339279546644,0,-0.20414580778651803,998.60179223985392,0,0.39965556373580352
123,0,0.13,0.50788462839921145,0,-0.19576727445928077,987.48758581033553,0,0.39965556373580352
124,0,0.13,0.52833863223894983,0,-0.14161575557731954,958.63071818145318,0,0.39965556373580352
125,0,0.15000000000000002,0.048971527601804836,0,-0.068195267265650325,1020,25004.681136676067,0.39965556373580352
126,0,0.15000000000000002,0.068017082001195037,0,-0.17469257618233547,1020,25004.681136676067,0.39965556373580352
127,0,0.15000000000000002,0.087846601791668769,0,-0.2015766426358627,1004.7835911254986,5712.7035542475842,0.39965556373580352
128,0,0.15000000000000002,0.10783028276016647,0,-0.20489524653831212,1000.4468696581737,526.76072108554354,0.39965556373580352
129,0,0.15000000000000002,0.12782896084574341,0,-0.2052254156006727,1000.0357843064962,42.129808149442383,0.39965556373580352
130,0,0.15000000000000002,0.1478288688954425,0,-0.20525288693562188,1000.0024680960587,2.9054641930373979,0.39965556373580352
131,0,0.15000000000000002,0.16782886332456087,0,-0.20525483582892645,1000.0001485259047,0.17484477289118061,0.39965556373580352
132,0,0.15000000000000002,0.18782886302682961,0,-0.20525495574010813,1000.0000078946209,0.0092935480145836125,0.39965556373580352
133,0,0.15000000000000002,0.20782886301264122,0,-0.20525496222934309,1000.0000003746088,0.00044098946574422371,0.39965556373580352
134,0,0.15000000000000002,0.22782886301203292,0,-0.20525496254182707,1000.0000000159989,1.8833999160250414e-05,0.39965556373580352
135,0,0.15000000000000002,0.24782886301200932,0,-0.20525496255533976,1000.0000000006114,7.1987056315947484e-07,0.39965556373580352
136,0,0.15000000000000002,0.26782886301200876,0,-0.20525496255586861,1000.0000000000146,1.7251799988571292e-08,0.39965556373580352
137,0,0.15000000000000002,0.28782886301200872,0,-0.20525496255588738,999.99999999999977,0,0.39965556373580352
138,0,0.15000000000000002,0.30782886301200874,0,-0.20525496255588441,999.99999999999272,0,0.39965556373580352
139,0,0.15000000000000002,0.32782886301200898,0,-0.20525496255577977,999.99999999987767,0,0.39965556373580352
140,0,0.15000000000000002,0.34782886301201354,0,-0.20525496255296227,999.99999999668557,0,0.39965556373580352
141,0,0.15000000000000002,0.36782886301213985,0,-0.2052549624842695,999.99999991819959,0,0.39965556373580352
142,0,0.15000000000000002,0.38782886301524444,0,-0.20525496097833021,999.99999818195056,0,0.39965556373580352
143,0,0.15000000000000002,0.40782886308395067,0,-0.20525493156952732,999.99996389811281,0,0.39965556373580352
144,0,0.15000000000000002,0.42782886444147317,0,-0.20525442586156795,999.99936619380492,0,0.39965556373580352
145,0,0.15000000000000002,0.44782888812897781,0,-0.20524688176186387,999.99028996468405,0,0.39965556373580352
146,0,0.15000000000000002,0.46782924815683857,0,-0.20515115676301943,999.87249301164888,0,0.39965556373580352
147,0,0.15000000000000002,0.4878339278713768,0,-0.20414583307275119,998.60180048608117,0,0.39965556373580352
148,0,0.15000000000000002,0.50788462829911007,0,-0.19576730469509382,987.48757889573244,0,0.39965556373580352
149,0,0.15000000000000002,0.52833863221364008,0,-0.14161576130149872,958.63070905740813,0,0.39965556373580352
150,0,0.17000000000000004,0.048971451410050763,0,-0.068196176312988355,1020,25004.681136676067,0.39965556373580352
151,0,0.17000000000000004,0.068017063328923932,0,-0.17469356359996999,1020,25004.681136676067,0.39965556373580352
152,0,0.17000000000000004,0.087846610669222266,0,-0.20157643568817904,1004.7831950758925,5712.2237826546207,0.39965556373580352
153,0,0.17000000000000004,0.10783028421624177,0,-0.20489513943385315,1000.447026639258,526.94601534321771,0.39965556373580352
154,0,0.17000000000000004,0.12782896099494709,0,-0.20522539641303886,1000.0358120700416,42.162498415784739,0.39965556373580352
155,0,0.17000000000000004,0.14782886890695057,0,-0.20525288492043783,1000.0024710936207,2.908992975311556,0.39965556373580352
156,0,0.17000000000000004,0.16782886332528252,0,-0.20525483565970087,1000.0001487608686,0.17512137256874283,0.39965556373580352
157,0,0.17000000000000004,0.18782886302687229,0,-0.20525495571824875,1000.0000079092406,0.0093107582534176659,0.39965556373580352
158,0,0.17000000000000004,0.20782886301264314,0,-0.2052549622279744,1000.0000003755008,0.0004420394730253463,0.39965556373580352
159,0,0.17000000000000004,0.22782886301203298,0,-0.2052549625417675,1000.0000000160426,1.8885231778398293e-05,0.39965556373580352
160,0,0.17000000000000004,0.24782886301200932,0,-0.20525496255533657,1000.0000000006139,7.2274586315757006e-07,0.39965556373580352
161,0,0.17000000000000004,0.26782886301200876,0,-0.20525496255586856,1000.0000000000159,1.8820145442077774e-08,0.39965556373580352
162,0,0.17000000000000004,0.28782886301200872,0,-0.20525496255588738,1000.0000000000014,1.5683454535064811e-09,0.39965556373580352
163,0,0.17000000000000004,0.30782886301200874,0,-0.20525496255588441,999.99999999999409,0,0.39965556373580352
164,0,0.17000000000000004,0.32782886301200898,0,-0.20525496255577946,999.99999999987904,0,0.39965556373580352
165,0,0.17000000000000004,0.34782886301201354,0,-0.20525496255295517,999.99999999667716,0,0.39965556373580352
166,0,0.17000000000000004,0.36782886301214041,0,-0.20525496248413938,999.99999991805498,0,0.39965556373580352
167,0,0.17000000000000004,0.38782886301525293,0,-0.20525496097644758,999.9999981800122,0,0.39965556373580352
168,0,0.17000000000000004,0.40782886308405436,0,-0.20525493149516452,999.99996389518265,0,0.39965556373580352
169,0,0.17000000000000004,0.42782886444143564,0,-0.20525442487058235,999.99936609205838,0,0.39965556373580352
170,0,0.17000000000000004,0.4478288881310209,0,-0.20524687025004679,999.99028941659321,0,0.39965556373580352
171,0,0.17000000000000004,0.46782924817261068,0,-0.20515114962262854,999.87249177983881,0,0.39965556373580352
172,0,0.17000000000000004,0.4878339278855594,0,-0.20414595788023973,998.60179764483678,0,0.39965556373580352
173,0,0.17000000000000004,0.50788462833032511,0,-0.19576744294536666,987.48758132757257,0,0.39965556373580352
174,0,0.17000000000000004,0.52833863221897026,0,-0.14161576179946586,958.63071231574315,0,0.39965556373580352
175,0,0.19,0.048971452632811358,0,-0.068196308446574622,1020,25004.681136676067,0.39965556373580352
176,0,0.19,0.068017060850396785,0,-0.17469370653533048,1020,25004.681136676067,0.39965556373580352
177,0,0.19,0.087846610401464562,0,-0.2015764410533557,1004.7831387245592,5712.1555191541847,0.39965556373580352
178,0,0.19,0.10783028431756124,0,-0.20489513167438297,1000.447022849206,526.94154171372702,0.39965556373580352
179,0,0.19,0.12782896101925173,0,-0.20522539397157222,1000.0358146230867,42.165504506346238,0.39965556373580352
180,0,0.19,0.14782886890913316,0,-0.20525288522282059,1000.0024716054829,2.9095955485714167,0.39965556373580352
181,0,0.19,0.16782886332544575,0,-0.20525483566985916,1000.0001488097441,0.17517890892739174,0.39965556373580352
182,0,0.19,0.18782886302691051,0,-0.20525495567636759,1000.0000079130025,0.0093151867381965504,0.39965556373580352
183,0,0.19,0.20782886301264569,0,-0.20525496222511552,1000.0000003760997,0.00044274444430669746,0.39965556373580352
184,0,0.19,0.22782886301203314,0,-0.20525496254163952,1000.0000000160805,1.8929929623823227e-05,0.39965556373580352
185,0,0.19,0.24782886301200932,0,-0.2052549625553293,1000.000000000616,7.2509838133782978e-07,0.39965556373580352
186,0,0.19,0.26782886301200881,0,-0.20525496255586839,1000.0000000000161,1.908153635099552e-08,0.39965556373580352
187,0,0.19,0.28782886301200872,0,-0.20525496255588738,1000.000000000002,2.3525181802597217e-09,0.39965556373580352
188,0,0.19,0.30782886301200874,0,-0.20525496255588441,999.99999999999409,0,0.39965556373580352
189,0,0.19,0.32782886301200898,0,-0.20525496255577941,999.99999999987904,0,0.39965556373580352
190,0,0.19,0.34782886301201354,0,-0.20525496255295325,999.99999999667421,0,0.39965556373580352
191,0,0.19,0.36782886301214041,0,-0.20525496248407646,999.9999999179729,0,0.39965556373580352
192,0,0.19,0.38782886301525438,0,-0.20525496097389065,999.99999817682124,0,0.39965556373580352
193,0,0.19,0.40782886308419547,0,-0.20525493120857677,999.9999638294646,0,0.39965556373580352
194,0,0.19,0.42782886444485052,0,-0.20525442065419569,999.99936563708002,0,0.39965556373580352
195,0,0.19,0.44782888815201705,0,-0.20524682406214795,999.99028719245644,0,0.39965556373580352
196,0,0.19,0.46782924823262589,0,-0.20515111898247451,999.87247602962771,0,0.39965556373580352
197,0,0.19,0.48783392823355304,0,-0.20414641339290382,998.60174097999311,0,0.39965556373580352
198,0,0.19,0.50788462912596766,0,-0.1957679252291552,987.48763605553404,0,0.39965556373580352
199,0,0.19,0.52833863193554786,0,-0.14161578699659358,958.63076886273132,0,0.39965556373580352
200,0,0.21000000000000002,0.048971525897396402,0,-0.068195337278620413,1020,25004.681136676067,0.39965556373580352
201,0,0.21000000000000002,0.068017076907195453,0,-0.17469286227521449,1020,25004.681136676067,0.39965556373580352
202,0,0.21000000000000002,0.087846601838534336,0,-0.2015766608501969,1004.7834511890812,5712.5340361665585,0.39965556373580352
203,0,0.21000000000000002,0.10783028307339058,0,-0.20489522264041363,1000.4468826750222,526.77608565157152,0.39965556373580352
204,0,0.21000000000000002,0.12782896089461601,0,-0.20522540869012629,1000.035793043,42.140094970289411,0.39965556373580352
205,0,0.21000000000000002,0.14782886890059832,0,-0.20525288599105335,1000.0024694223346,2.9070255082703844,0.39965556373580352
206,0,0.21000000000000002,0.16782886332497057,0,-0.20525483571449044,1000.0001486768115,0.17502242061297071,0.39965556373580352
207,0,0.21000000000000002,0.18782886302685592,0,-0.20525495572207847,1000.0000079060094,0.0093069544929110948,0.39965556373580352
208,0,0.21000000000000002,0.2078288630126425,0,-0.20525496222818518,1000.0000003752652,0.00044176213727098457,0.39965556373580352
209,0,0.21000000000000002,0.22782886301203309,0,-0.20525496254171396,1000.0000000160285,1.8868764151136475e-05,0.39965556373580352
210,0,0.21000000000000002,0.24782886301200935,0,-0.20525496255533426,1000.0000000006144,7.2326864497540555e-07,0.39965556373580352
211,0,0.21000000000000002,0.26782886301200876,0,-0.20525496255586848,1000.0000000000152,1.8035972715324533e-08,0.39965556373580352
212,0,0.21000000000000002,0.28782886301200872,0,-0.20525496255588738,1000,0,0.39965556373580352
213,0,0.21000000000000002,0.30782886301200874,0,-0.20525496255588441,999.99999999999272,0,0.39965556373580352
214,0,0.21000000000000002,0.32782886301200898,0,-0.20525496255577935,999.99999999987745,0,0.39965556373580352
215,0,0.21000000000000002,0.34782886301201354,0,-0.20525496255295031,999.99999999666898,0,0.39965556373580352
216,0,0.21000000000000002,0.36782886301214057,0,-0.20525496248397401,999.99999991785103,0,0.39965556373580352
217,0,0.21000000000000002,0.38782886301525976,0,-0.20525496097206139,999.99999817433923,0,0.39965556373580352
218,0,0.21000000000000002,0.40782886308428284,0,-0.20525493141264223,999.99996377556045,0,0.39965556373580352
219,0,0.21000000000000002,0.42782886444673085,0,-0.20525442385241641,999.99936498084321,0,0.39965556373580352
220,0,0.21000000000000002,0.44782888817427197,0,-0.20524686245431978,999.99028031038847,0,0.39965556373580352
221,0,0.21000000000000002,0.46782924852345154,0,-0.20515109747589091,999.87241818413872,0,0.39965556373580352
222,0,0.21000000000000002,0.48783393070753217,0,-0.20414569493017157,998.60143632379095,0,0.39965556373580352
223,0,0.21000000000000002,0.50788464013687562,0,-0.19576686442410016,987.48794446463125,0,0.39965556373580352
224,0,0.21000000000000002,0.52833862313256263,0,-0.14161612509471652,958.63106628440482,0,0.39965556373580352
225,0,0.23000000000000004,0.048971518360356243,0,-0.068195377590799938,1020,25004.681136676067,0.39965556373580352
226,0,0.23000000000000004,0.068017080546390232,0,-0.17469266794073637,1020,25004.681136676067,0.39965556373580352
227,0,0.23000000000000004,0.087846602998223625,0,-0.2015766192680149,1004.7835521060981,5712.6562863812751,0.39965556373580352
228,0,0.23000000000000004,0.1078302828478501,0,-0.20489526330277852,1000.4468875669877,526.7818599317917,0.39965556373580352
229,0,0.23000000000000004,0.12782896085418344,0,-0.20522541701044045,1000.0357850266855,42.130656138257663,0.39965556373580352
230,0,0.23000000000000004,0.1478288689012334,0,-0.20525288471087774,1000.0024682541418,2.9056502912285409,0.39965556373580352
231,0,0.23000000000000004,0.16782886332506225,0,-0.20525483552372828,1000.000148741148,0.17509815762060757,0.39965556373580352
232,0,0.23000000000000004,0.18782886302684096,0,-0.20525495572534599,1000.0000079120089,0.0093140170138791435,0.39965556373580352
233,0,0.23000000000000004,0.20782886301264097,0,-0.20525496222911346,1000.0000003748794,0.00044130810126219444,0.39965556373580352
234,0,0.23000000000000004,0.22782886301203295,0,-0.20525496254182024,1000.0000000159898,1.8823282132984787e-05,0.39965556373580352
235,0,0.23000000000000004,0.24782886301200935,0,-0.20525496255533873,1000.0000000006119,7.2039334497731033e-07,0.39965556373580352
236,0,0.23000000000000004,0.26782886301200876,0,-0.20525496255586859,1000.0000000000152,1.8035972715324533e-08,0.39965556373580352
237,0,0.23000000000000004,0.28782886301200872,0,-0.20525496255588738,999.99999999999977,0,0.39965556373580352
238,0,0.23000000000000004,0.30782886301200874,0,-0.20525496255588441,999.99999999999272,0,0.39965556373580352
239,0,0.23000000000000004,0.32782886301200898,0,-0.20525496255577927,999.99999999987767,0,0.39965556373580352
240,0,0.23000000000000004,0.34782886301201354,0,-0.20525496255294637,999.99999999666443,0,0.39965556373580352
241,0,0.23000000000000004,0.36782886301214079,0,-0.20525496248387481,999.99999991773302,0,0.39965556373580352
242,0,0.23000000000000004,0.38782886301526526,0,-0.20525496097038687,999.99999817228468,0,0.39965556373580352
243,0,0.23000000000000004,0.40782886308438265,0,-0.20525493144240656,999.99996373547083,0,0.39965556373580352
244,0,0.23000000000000004,0.42782886444863455,0,-0.20525442429276869,999.99936411672388,0,0.39965556373580352
245,0,0.23000000000000004,0.44782888822089773,0,-0.20524686737267336,999.99027257083844,0,0.39965556373580352
246,0,0.23000000000000004,0.46782924894271233,0,-0.20515106001207484,999.87236500296444,0,0.39965556373580352
247,0,0.23000000000000004,0.4878339343211463,0,-0.20414534142926744,998.6010406829796,0,0.39965556373580352
248,0,0.23000000000000004,0.50788466964206402,0,-0.19576592596885736,987.48836914410231,0,0.39965556373580352
249,0,0.23000000000000004,0.52833859358035518,0,-0.14161703631789782,958.63144792124444,0,0.39965556373580352
250,0,0.25000000000000006,0.04897147283362617,0,-0.068195788284412612,1020,25004.681136676067,0.39965556373580352
251,0,0.25000000000000006,0.068017071824587147,0,-0.17469301482685862,1020,25004.681136676067,0.39965556373580352
252,0,0.25000000000000006,0.087846607678717881,0,-0.20157659873324693,1004.7834431846939,5712.5243397071617,0.39965556373580352
253,0,0.25000000000000006,0.10783028309812147,0,-0.20489535948359974,1000.4469365782904,526.83971092092702,0.39965556373580352
254,0,0.25000000000000006,0.12782896086431911,0,-0.20522542434039215,1000.035783616883,42.128996162407745,0.39965556373580352
255,0,0.25000000000000006,0.14782886892261951,0,-0.2052528767443102,1000.0024680809215,2.9054463732349642,0.39965556373580352
256,0,0.25000000000000006,0.16782886332660149,0,-0.20525483473285097,1000.0001490910258,0.17551003400172302,0.39965556373580352
257,0,0.25000000000000006,0.18782886302686319,0,-0.20525495570020622,1000.0000079384208,0.0093451092011040005,0.39965556373580352
258,0,0.25000000000000006,0.20782886301264109,0,-0.20525496222872092,1000.0000003752793,0.0004417788662891553,0.39965556373580352
259,0,0.25000000000000006,0.22782886301203287,0,-0.20525496254183453,1000.0000000159926,1.88264188238918e-05,0.39965556373580352
260,0,0.25000000000000006,0.24782886301200932,0,-0.20525496255534006,1000.0000000006116,7.2013195406839259e-07,0.39965556373580352
261,0,0.25000000000000006,0.26782886301200876,0,-0.20525496255586864,1000.0000000000159,1.8820145442077774e-08,0.39965556373580352
262,0,0.25000000000000006,0.28782886301200872,0,-0.20525496255588738,1000.0000000000011,1.3069545445887343e-09,0.39965556373580352
263,0,0.25000000000000006,0.30782886301200874,0,-0.20525496255588441,999.99999999999409,0,0.39965556373580352
264,0,0.25000000000000006,0.32782886301200898,0,-0.2052549625557791,999.99999999987904,0,0.39965556373580352
265,0,0.25000000000000006,0.34782886301201354,0,-0.20525496255294357,999.99999999666397,0,0.39965556373580352
266,0,0.25000000000000006,0.36782886301214079,0,-0.20525496248382555,999.99999991768209,0,0.39965556373580352
267,0,0.25000000000000006,0.38782886301526576,0,-0.20525496096982884,999.99999817178173,0,0.39965556373580352
268,0,0.25000000000000006,0.40782886308438199,0,-0.2052549314370383,999.99996373183399,0,0.39965556373580352
269,0,0.25000000000000006,0.42782886444863444,0,-0.20525442424522417,999.9993640734881,0,0.39965556373580352
270,0,0.25000000000000006,0.44782888821600791,0,-0.20524686786852367,999.99027377800348,0,0.39965556373580352
271,0,0.25000000000000006,0.4678292488059223,0,-0.20515108235537463,999.87242538593682,0,0.39965556373580352
272,0,0.25000000000000006,0.48783393003315778,0,-0.20414561534904779,998.60152678962595,0,0.39965556373580352
273,0,0.25000000000000006,0.50788463501637515,0,-0.19576700212285073,987.48795083862797,0,0.39965556373580352
274,0,0.25000000000000006,0.52833862274834242,0,-0.14161617382642905,958.63098575948186,0,0.39965556373580352
275,0,0.27000000000000002,0.04897153516190772,0,-0.068194240839873119,1020,25004.681136676067,0.39965556373580352
276,0,0.27000000000000002,0.068017079040345527,0,-0.17469366442570952,1020,25004.681136676067,0.39965556373580352
277,0,0.27000000000000002,0.087846599035021303,0,-0.20157745088345666,1004.7831791877138,5712.2045358548758,0.39965556373580352
278,0,0.27000000000000002,0.10783028203593802,0,-0.20489549920142597,1000.4467234164808,526.58810333754263,0.39965556373580352
279,0,0.27000000000000002,0.12782896082746811,0,-0.20522542533684907,1000.0357642776335,42.106225110815885,0.39965556373580352
280,0,0.27000000000000002,0.14782886891857483,0,-0.20525287767271649,1000.0024676343178,2.9049206236594318,0.39965556373580352
281,0,0.27000000000000002,0.16782886332655497,0,-0.20525483475931794,1000.0001490556335,0.17546837034462726,0.39965556373580352
282,0,0.27000000000000002,0.18782886302688254,0,-0.20525495569500996,1000.0000079400006,0.0093469689974209503,0.39965556373580352
283,0,0.27000000000000002,0.20782886301264236,0,-0.20525496222808581,1000.0000003760042,0.00044263204621586283,0.39965556373580352
284,0,0.27000000000000002,0.22782886301203295,0,-0.20525496254180264,1000.0000000160287,1.8869025542045392e-05,0.39965556373580352
285,0,0.27000000000000002,0.24782886301200932,0,-0.20525496255533962,1000.0000000006128,7.2143890861298132e-07,0.39965556373580352
286,0,0.27000000000000002,0.26782886301200876,0,-0.20525496255586867,1000.0000000000159,1.8820145442077774e-08,0.39965556373580352
287,0,0.27000000000000002,0.28782886301200872,0,-0.20525496255588738,1000.0000000000011,1.3069545445887343e-09,0.39965556373580352
288,0,0.27000000000000002,0.30782886301200874,0,-0.20525496255588441,999.99999999999409,0,0.39965556373580352
289,0,0.27000000000000002,0.32782886301200898,0,-0.20525496255577885,999.99999999987881,0,0.39965556373580352
290,0,0.27000000000000002,0.34782886301201354,0,-0.20525496255293585,999.9999999966567,0,0.39965556373580352
291,0,0.27000000000000002,0.36782886301214102,0,-0.20525496248362088,999.99999991745631,0,0.39965556373580352
292,0,0.27000000000000002,0.38782886301527086,0,-0.20525496096623061,999.99999816867853,0,0.39965556373580352
293,0,0.27000000000000002,0.40782886308440736,0,-0.20525493139811382,999.99996371302632,0,0.39965556373580352
294,0,0.27000000000000002,0.42782886444762397,0,-0.20525442385850737,999.99936374954382,0,0.39965556373580352
295,0,0.27000000000000002,0.4478288882001159,0,-0.2052468627960391,999.99026880079623,0,0.39965556373580352
296,0,0.27000000000000002,0.46782924865929282,0,-0.20515103888542544,999.87238745192894,0,0.39965556373580352
297,0,0.27000000000000002,0.4878339294894094,0,-0.20414544188451214,998.60160998115771,0,0.39965556373580352
298,0,0.27000000000000002,0.50788462985140204,0,-0.19576682704581488,987.48783323299563,0,0.39965556373580352
299,0,0.27000000000000002,0.52833863161569183,0,-0.14161588699064934,958.63091230708153,0,0.39965556373580352
300,0,0.29000000000000004,0.048971542042939124,0,-0.068196289863380471,1020,25004.681136676067,0.39965556373580352
301,0,0.29000000000000004,0.068016988857375921,0,-0.17471491212734164,1020,25004.681136676067,0.39965556373580352
302,0,0.29000000000000004,0.087846578377917012,0,-0.20158288975013963,1004.7758442369345,5703.3192361261599,0.39965556373580352
303,0,0.29000000000000004,0.10783028147742652,0,-0.20489579550288914,1000.4461897054828,525.95813386037321,0.39965556373580352
304,0,0.29000000000000004,0.12782896086156756,0,-0.2052254318169614,1000.0357623287896,42.103930439601356,0.39965556373580352
305,0,0.29000000000000004,0.14782886890547256,0,-0.20525288429671038,1000.0024695280567,2.9071499661535838,0.39965556373580352
306,0,0.29000000000000004,0.16782886332559829,0,-0.20525483540306422,1000.0001488922223,0.175276002431143,0.39965556373580352
307,0,0.29000000000000004,0.18782886302695623,0,-0.20525495569496927,1000.000007926305,0.0093308464061589037,0.39965556373580352
308,0,0.29000000000000004,0.20782886301264572,0,-0.20525496222689035,1000.0000003774564,0.00044434180415109381,0.39965556373580352
309,0,0.29000000000000004,0.22782886301203301,0,-0.20525496254174438,1000.0000000160935,1.8945351687449374e-05,0.39965556373580352
310,0,0.29000000000000004,0.24782886301200932,0,-0.20525496255533796,1000.0000000006128,7.2143890861298132e-07,0.39965556373580352
311,0,0.29000000000000004,0.26782886301200876,0,-0.20525496255586861,1000.0000000000146,1.7251799988571292e-08,0.39965556373580352
312,0,0.29000000000000004,0.28782886301200872,0,-0.20525496255588738,999.99999999999977,0,0.39965556373580352
313,0,0.29000000000000004,0.30782886301200874,0,-0.20525496255588438,999.99999999999272,0,0.39965556373580352
314,0,0.29000000000000004,0.32782886301200898,0,-0.20525496255577841,999.99999999987767,0,0.39965556373580352
315,0,0.29000000000000004,0.34782886301201354,0,-0.20525496255291831,999.99999999663783,0,0.39965556373580352
316,0,0.29000000000000004,0.36782886301214185,0,-0.20525496248305478,999.99999991681261,0,0.39965556373580352
317,0,0.29000000000000004,0.38782886301530395,0,-0.20525496095210918,999.99999815491287,0,0.39965556373580352
318,0,0.29000000000000004,0.40782886308505584,0,-0.20525493115472226,999.99996348586478,0,0.39965556373580352
319,0,0.29000000000000004,0.42782886445639268,0,-0.20525442042536984,999.99935961251731,0,0.39965556373580352
320,0,0.29000000000000004,0.44782888834961487,0,-0.20524681414163651,999.99020892005342,0,0.39965556373580352
321,0,0.29000000000000004,0.46782925060900049,0,-0.20515052847384629,999.87177217558269,0,0.39965556373580352
322,0,0.29000000000000004,0.4878339452780186,0,-0.20414215506073097,998.59812364100799,0,0.39965556373580352
323,0,0.29000000000000004,0.50788466676644495,0,-0.19576002492864439,987.49213570876645,0,0.39965556373580352
324,0,0.29000000000000004,0.52833860663963117,0,-0.14162117870131435,958.63431321528037,0,0.39965556373580352
325,0,0.31000000000000005,0.048969582432068628,0,-0.068465481343044435,1020,25004.681136676067,0.39965556373580352
326,0,0.31000000000000005,0.06801560479852424,0,-0.17498333481551395,1020,25004.681136676067,0.39965556373580352
327,0,0.31000000000000005,0.087846543742171587,0,-0.20160479717181892,1004.6946801664942,5605.0259299265117,0.39965556373580352
328,0,0.31000000000000005,0.10783028433099172,0,-0.2048963868254037,1000.4396929356428,518.28978819860299,0.39965556373580352
329,0,0.31000000000000005,0.12782896121266923,0,-0.20522541437348379,1000.0353011292732,41.560890612469635,0.39965556373580352
330,0,0.31000000000000005,0.14782886892433986,0,-0.20525288302976261,1000.0024374212494,2.8693532763133565,0.39965556373580352
331,0,0.31000000000000005,0.16782886332629107,0,-0.20525483545186674,1000.000146695447,0.17268995634324316,0.39965556373580352
332,0,0.31000000000000005,0.18782886302698512,0,-0.20525495569930161,1000.0000077954801,0.0091768393262700188,0.39965556373580352
333,0,0.31000000000000005,0.20782886301264664,0,-0.20525496222702391,1000.000000371112,0.00043687308171058703,0.39965556373580352
334,0,0.31000000000000005,0.22782886301203301,0,-0.20525496254175271,1000.000000015812,1.8613908014941671e-05,0.39965556373580352
335,0,0.31000000000000005,0.24782886301200932,0,-0.20525496255533865,1000.0000000006019,7.0863075407601173e-07,0.39965556373580352
336,0,0.31000000000000005,0.26782886301200876,0,-0.20525496255586867,1000.0000000000152,1.8035972715324533e-08,0.39965556373580352
337,0,0.31000000000000005,0.28782886301200872,0,-0.20525496255588738,1000.0000000000011,1.3069545445887343e-09,0.39965556373580352
338,0,0.31000000000000005,0.30782886301200874,0,-0.20525496255588438,999.99999999999432,0,0.39965556373580352
339,0,0.31000000000000005,0.32782886301200898,0,-0.20525496255577833,999.99999999988131,0,0.39965556373580352
340,0,0.31000000000000005,0.34782886301201354,0,-0.20525496255291251,999.99999999668967,0,0.39965556373580352
341,0,0.31000000000000005,0.36782886301214246,0,-0.20525496248283195,999.99999991796199,0,0.39965556373580352
342,0,0.31000000000000005,0.38782886301531788,0,-0.20525496094385481,999.99999817328558,0,0.39965556373580352
343,0,0.31000000000000005,0.40782886308569166,0,-0.2052549308717968,999.99996369270093,0,0.39965556373580352
344,0,0.31000000000000005,0.42782886447636881,0,-0.20525441365719677,999.9993614367977,0,0.39965556373580352
345,0,0.31000000000000005,0.44782888875343607,0,-0.20524669929525202,999.99021232446307,0,0.39965556373580352
346,0,0.31000000000000005,0.46782925726071217,0,-0.20514898868046527,999.87157081922146,0,0.39965556373580352
347,0,0.31000000000000005,0.4878340306521099,0,-0.20412685921061641,998.59436883811281,0,0.39965556373580352
348,0,0.31000000000000005,0.50788538145895079,0,-0.19566670445311801,987.49770869991607,0,0.39965556373580352
349,0,0.31000000000000005,0.52833775880700706,0,-0.14174597709395967,958.63775191445484,0,0.39965556373580352
350,0,0.33000000000000002,0.048972340956113809,0,-0.067977345657508362,1020,25004.681136676067,0.39965556373580352
351,0,0.33000000000000002,0.068001983676566277,0,-0.17709066128617054,896.29453660785225,0,0.39965556373580352
352,0,0.33000000000000002,0.087845130696959359,0,-0.20190490677414094,862,0,0.39965556373580352
353,0,0.33000000000000002,0.1078301610479739,0,-0.20492680601030278,862,0,0.39965556373580352
354,0,0.33000000000000002,0.12782895193343646,0,-0.20522812621120576,862,0,0.39965556373580352
355,0,0.33000000000000002,0.14782886832675662,0,-0.20525308758435304,862,0,0.39965556373580352
356,0,0.33000000000000002,0.16782886329267768,0,-0.20525484871847668,862,0,0.39965556373580352
357,0,0.33000000000000002,0.18782886302525439,0,-0.20525495646327227,862,0,0.39965556373580352
358,0,0.33000000000000002,0.20782886301257089,0,-0.20525496226531709,862,0,0.39965556373580352
359,0,0.33000000000000002,0.22782886301203001,0,-0.20525496254344286,862,0,0.39965556373580352
360,0,0.33000000000000002,0.24782886301200918,0,-0.20525496255540576,862,0,0.39965556373580352
361,0,0.33000000000000002,0.26782886301200876,0,-0.20525496255587114,862,0,0.39965556373580352
362,0,0.33000000000000002,0.28782886301200872,0,-0.20525496255588749,862,0,0.39965556373580352
363,0,0.33000000000000002,0.30782886301200874,0,-0.20525496255588488,862,0,0.39965556373580352
364,0,0.33000000000000002,0.32782886301200892,0,-0.20525496255579159,862,0,0.39965556373580352
365,0,0.33000000000000002,0.34782886301201299,0,-0.20525496255326423,862,0,0.39965556373580352
366,0,0.33000000000000002,0.36782886301212681,0,-0.20525496249116057,862,0,0.39965556373580352
367,0,0.33000000000000002,0.38782886301494912,0,-0.20525496111852029,862,0,0.39965556373580352
368,0,0.33000000000000002,0.40782886307796651,0,-0.20525493407874845,862,0,0.39965556373580352
369,0,0.33000000000000002,0.42782886433496142,0,-0.20525446475632816,862,0,0.39965556373580352
370,0,0.33000000000000002,0.44782888649391922,0,-0.20524739391580857,862,0,0.39965556373580352
371,0,0.33000000000000002,0.46782922702331214,0,-0.20515673254533193,862,0,0.39965556373580352
372,0,0.33000000000000002,0.48783371128588193,0,-0.20419374009082206,862,0,0.39965556373580352
373,0,0.33000000000000002,0.50788330927131542,0,-0.19601101288056746,862,0,0.39965556373580352
374,0,0.33000000000000002,0.52833973371689258,0,-0.14141946149850165,850,0,0.39965556373580352
375,1,0,0,-0,-0,1000,0,0.39965556373580352
376,1,0,0.020000000000000004,-0,-0,1000,0,0.39965556373580352
377,1,0,0.040000000000000001,-0,-0,1000,0,0.39965556373580352
378,1,0,0.54999999999999993,-0,-0,1000,0,0.39965556373580352
379,1,0,0.56000000000000005,-0,-0,1000,0,0.39965556373580352
380,1,0,0.58000000000000007,-0,-0,1000,0,0.39965556373580352
381,1,0.02,0,-0,-0,1000,0,0.39965556373580352
382,1,0.02,0.020000000000000004,-0,-0,1000,0,0.39965556373580352
383,1,0.02,0.040000000000000001,-0,0.067054539463806281,1000,24722.81077257053,0.39965556373580352
384,1,0.02,0.54999999999999993,-0,0.11156187799259436,1000,0,0.39965556373580352
385,1,0.02,0.56000000000000005,-0,-0,1000,0,0.39965556373580352
386,1,0.02,0.58000000000000007,-0,-0,1000,0,0.39965556373580352
387,1,0.040000000000000001,0,-0,-0,1000,0,0.39965556373580352
388,1,0.040000000000000001,0.020000000000000004,-0,0.067194233670343967,1000,24777.398628334144,0.39965556373580352
389,1,0.040000000000000001,0.040000000000000001,-0,0.073731068172624023,1000,16026.577806837679,0.39965556373580352
390,1,0.040000000000000001,0.54999999999999993,-0,0.13991931374438277,1000,0,0.39965556373580352
391,1,0.040000000000000001,0.56000000000000005,-0,0.1371192956084421,1000,0,0.39965556373580352
392,1,0.040000000000000001,0.58000000000000007,-0,-0,1000,0,0.39965556373580352
393,1,0.059999999999999998,0,-0,-0,1000,0,0.39965556373580352
394,1,0.059999999999999998,0.020000000000000004,-0,0.067719345275558021,1000,24890.567514381892,0.39965556373580352
395,1,0.059999999999999998,0.040000000000000001,-0,0.07398511696554147,1000,20391.551213355247,0.39965556373580352
396,1,0.059999999999999998,0.54999999999999993,-0,0.14019163970521739,1000,0,0.39965556373580352
397,1,0.059999999999999998,0.56000000000000005,-0,0.1387742270022336,1000,0,0.39965556373580352
398,1,0.059999999999999998,0.58000000000000007,-0,-0,1000,0,0.39965556373580352
399,1,0.080000000000000002,0,-0,-0,1000,0,0.39965556373580352
400,1,0.080000000000000002,0.020000000000000004,-0,0.067822930712230167,1000,24890.580468864628,0.39965556373580352
401,1,0.080000000000000002,0.040000000000000001,-0,0.073899334497221372,1000,24999.853116496379,0.39965556373580352
402,1,0.080000000000000002,0.54999999999999993,-0,0.14028882011337337,1000,0,0.39965556373580352
403,1,0.080000000000000002,0.56000000000000005,-0,0.13887090199940805,1000,0,0.39965556373580352
404,1,0.080000000000000002,0.58000000000000007,-0,-0,1000,0,0.39965556373580352
405,1,0.10000000000000001,0,-0,-0,1000,0,0.39965556373580352
406,1,0.10000000000000001,0.020000000000000004,-0,0.067689872321642461,1000,24890.547623033686,0.39965556373580352
407,1,0.10000000000000001,0.040000000000000001,-0,0.073777223206651407,1000,24999.852831874203,0.39965556373580352
408,1,0.10000000000000001,0.54999999999999993,-0,0.14022651676672246,1000,0,0.39965556373580352
409,1,0.10000000000000001,0.56000000000000005,-0,0.13880807277253687,1000,0,0.39965556373580352
410,1,0.10000000000000001,0.58000000000000007,-0,-0,1000,0,0.39965556373580352
411,1,0.12,0,-0,-0,1000,0,0.39965556373580352
412,1,0.12,0.020000000000000004,-0,0.067689322223336526,1000,24890.547612610688,0.39965556373580352
413,1,0.12,0.040000000000000001,-0,0.073771586908011777,1000,24999.852813168098,0.39965556373580352
414,1,0.12,0.54999999999999993,-0,0.14022352986329756,1000,0,0.39965556373580352
415,1,0.12,0.56000000000000005,-0,0.13880549702012995,1000,0,0.39965556373580352
416,1,0.12,0.58000000000000007,-0,-0,1000,0,0.39965556373580352
417,1,0.14000000000000001,0,-0,-0,1000,0,0.39965556373580352
418,1,0.14000000000000001,0.020000000000000004,-0,0.067689903181443412,1000,24890.547967891045,0.39965556373580352
419,1,0.14000000000000001,0.040000000000000001,-0,0.073772080311416702,1000,24999.852816599156,0.39965556373580352
420,1,0.14000000000000001,0.54999999999999993,-0,0.14022347931607118,1000,0,0.39965556373580352
421,1,0.14000000000000001,0.56000000000000005,-0,0.1388054632189569,1000,0,0.39965556373580352
422,1,0.14000000000000001,0.58000000000000007,-0,-0,1000,0,0.39965556373580352
423,1,0.16,0,-0,-0,1000,0,0.39965556373580352
424,1,0.16,0.020000000000000004,-0,0.067690490920906621,1000,24890.549539494736,0.39965556373580352
425,1,0.16,0.040000000000000001,-0,0.073772675523160317,1000,24999.852829708019,0.39965556373580352
426,1,0.16,0.54999999999999993,-0,0.14022348160624137,1000,0,0.39965556373580352
427,1,0.16,0.56000000000000005,-0,0.13880546565711482,1000,0,0.39965556373580352
428,1,0.16,0.58000000000000007,-0,-0,1000,0,0.39965556373580352
429,1,0.17999999999999999,0,-0,-0,1000,0,0.39965556373580352
430,1,0.17999999999999999,0.020000000000000004,-0,0.067691043243935697,1000,24890.550828744752,0.39965556373580352
431,1,0.17999999999999999,0.040000000000000001,-0,0.073773199827018868,1000,24999.852839990952,0.39965556373580352
432,1,0.17999999999999999,0.54999999999999993,-0,0.140223494053485,1000,0,0.39965556373580352
433,1,0.17999999999999999,0.56000000000000005,-0,0.13880547685618658,1000,0,0.39965556373580352
434,1,0.17999999999999999,0.58000000000000007,-0,-0,1000,0,0.39965556373580352
435,1,0.20000000000000001,0,-0,-0,1000,0,0.39965556373580352
436,1,0.20000000000000001,0.020000000000000004,-0,0.067690594930459411,1000,24890.549546970255,0.39965556373580352
437,1,0.20000000000000001,0.040000000000000001,-0,0.07377279115671824,1000,24999.852830248165,0.39965556373580352
438,1,0.20000000000000001,0.54999999999999993,-0,0.14022367905726113,1000,0,0.39965556373580352
439,1,0.20000000000000001,0.56000000000000005,-0,0.13880565543992943,1000,0,0.39965556373580352
440,1,0.20000000000000001,0.58000000000000007,-0,-0,1000,0,0.39965556373580352
441,1,0.22,0,-0,-0,1000,0,0.39965556373580352
442,1,0.22,0.020000000000000004,-0,0.067690101412404599,1000,24890.548416695914,0.39965556373580352
443,1,0.22,0.040000000000000001,-0,0.073772318406520529,1000,24999.852821137647,0.39965556373580352
444,1,0.22,0.54999999999999993,-0,0.14022430615260584,1000,0,0.39965556373580352
445,1,0.22,0.56000000000000005,-0,0.13880627122423894,1000,0,0.39965556373580352
446,1,0.22,0.58000000000000007,-0,-0,1000,0,0.39965556373580352
447,1,0.23999999999999999,0,-0,-0,1000,0,0.39965556373580352
448,1,0.23999999999999999,0.020000000000000004,-0,0.067690345973240668,1000,24890.54933043526,0.39965556373580352
449,1,0.23999999999999999,0.040000000000000001,-0,0.07377249685975186,1000,24999.85282730453,0.39965556373580352
450,1,0.23999999999999999,0.54999999999999993,-0,0.14022433103941381,1000,0,0.39965556373580352
451,1,0.23999999999999999,0.56000000000000005,-0,0.13880629575329828,1000,0,0.39965556373580352
452,1,0.23999999999999999,0.58000000000000007,-0,-0,1000,0,0.39965556373580352
453,1,0.26000000000000001,0,-0,-0,1000,0,0.39965556373580352
454,1,0.26000000000000001,0.020000000000000004,-0,0.06768978442429037,1000,24890.549045011136,0.39965556373580352
455,1,0.26000000000000001,0.040000000000000001,-0,0.073772046487420098,1000,24999.852825143611,0.39965556373580352
456,1,0.26000000000000001,0.54999999999999993,-0,0.14022376873659653,1000,0,0.39965556373580352
457,1,0.26000000000000001,0.56000000000000005,-0,0.13880572782281356,1000,0,0.39965556373580352
458,1,0.26000000000000001,0.58000000000000007,-0,-0,1000,0,0.39965556373580352
459,1,0.28000000000000003,0,-0,-0,1000,0,0.39965556373580352
460,1,0.28000000000000003,0.020000000000000004,-0,0.067689956199089227,1000,24890.547849301762,0.39965556373580352
461,1,0.28000000000000003,0.040000000000000001,-0,0.073777333694761735,1000,24999.852834522877,0.39965556373580352
462,1,0.28000000000000003,0.54999999999999993,-0,0.14022654592322409,1000,0,0.39965556373580352
463,1,0.28000000000000003,0.56000000000000005,-0,0.13880810032155491,1000,0,0.39965556373580352
464,1,0.28000000000000003,0.58000000000000007,-0,-0,1000,0,0.39965556373580352
465,1,0.29999999999999999,0,-0,-0,1000,0,0.39965556373580352
466,1,0.29999999999999999,0.020000000000000004,-0,0.06782295859890472,1000,24890.580475762323,0.39965556373580352
467,1,0.29999999999999999,0.040000000000000001,-0,0.073899384681607019,1000,24999.853117076556,0.39965556373580352
468,1,0.29999999999999999,0.54999999999999993,-0,0.14028882274588472,1000,0,0.39965556373580352
469,1,0.29999999999999999,0.56000000000000005,-0,0.13887090445049083,1000,0,0.39965556373580352
470,1,0.29999999999999999,0.58000000000000007,-0,-0,1000,0,0.39965556373580352
471,1,0.32000000000000001,0,-0,-0,1000,0,0.39965556373580352
472,1,0.32000000000000001,0.020000000000000004,-0,0.06771937947951584,1000,24890.567528632699,0.39965556373580352
473,1,0.32000000000000001,0.040000000000000001,-0,0.073985169614624993,1000,20391.549555396476,0.39965556373580352
474,1,0.32000000000000001,0.54999999999999993,-0,0.14019163988235325,1000,0,0.39965556373580352
475,1,0.32000000000000001,0.56000000000000005,-0,0.13877422716287696,1000,0,0.39965556373580352
476,1,0.32000000000000001,0.58000000000000007,-0,-0,1000,0,0.39965556373580352
477,1,0.34000000000000002,0,-0,-0,1000,0,0.39965556373580352
478,1,0.34000000000000002,0.020000000000000004,-0,0.067194257555437079,1000,24777.398647237973,0.39965556373580352
479,1,0.34000000000000002,0.040000000000000001,-0,0.073731103952594343,1000,16026.574170142892,0.39965556373580352
480,1,0.34000000000000002,0.54999999999999993,-0,0.13991931376062458,1000,0,0.39965556373580352
481,1,0.34000000000000002,0.56000000000000005,-0,0.13711929562246547,1000,0,0.39965556373580352
482,1,0.34000000000000002,0.58000000000000007,-0,-0,1000,0,0.39965556373580352
483,1,0.35999999999999999,0,-0,-0,1000,0,0.39965556373580352
484,1,0.35999999999999999,0.020000000000000004,-0,-0,1000,0,0.39965556373580352
485,1,0.35999999999999999,0.040000000000000001,-0,0.067054563270517398,1000,24722.810780206881,0.39965556373580352
486,1,0.35999999999999999,0.54999999999999993,-0,0.11156187800376165,1000,0,0.39965556373580352
487,1,0.35999999999999999,0.56000000000000005,-0,-0,1000,0,0.39965556373580352
488,1,0.35999999999999999,0.58000000000000007,-0,-0,1000,0,0.39965556373580352
489,1,0.38,0,-0,-0,1000,0,0.39965556373580352
490,1,0.38,0.020000000000000004,-0,-0,1000,0,0.39965556373580352
491,1,0.38,0.040000000000000001,-0,-0,1000,0,0.39965556373580352
492,1,0.38,0.54999999999999993,-0,-0,1000,0,0.39965556373580352
493,1,0.38,0.56000000000000005,-0,-0,1000,0,0.39965556373580352
494,1,0.38,0.58000000000000007,-0,-0,1000,0,0.39965556373580352
495,1,0.40000000000000002,0,-0,-0,1000,0,0.39965556373580352
496,1,0.40000000000000002,0.020000000000000004,-0,-0,1000,0,0.39965556373580352
497,1,0.40000000000000002,0.040000000000000001,-0,-0,1000,0,0.39965556373580352
498,1,0.40000000000000002,0.54999999999999993,-0,-0,1000,0,0.39965556373580352
499,1,0.40000000000000002,0.56000000000000005,-0,-0,1000,0,0.39965556373580352
500,1,0.40000000000000002,0.58000000000000007,-0,-0,1000,0,0.39965556373580352
501,1,0.41999999999999998,0,-0,-0,1000,0,0.39965556373580352
502,1,0.41999999999999998,0.020000000000000004,-0,-0,1000,0,0.39965556373580352
503,1,0.41999999999999998,0.040000000000000001,-0,-0,1000,0,0.39965556373580352
504,1,0.41999999999999998,0.54999999999999993,-0,-0,1000,0,0.39965556373580352
505,1,0.41999999999999998,0.56000000000000005,-0,-0,1000,0,0.39965556373580352
506,1,0.41999999999999998,0.58000000000000007,-0,-0,1000,0,0.39965556373580352
507,1,0.44,0,-0,-0,1000,0,0.39965556373580352
508,1,0.44,0.020000000000000004,-0,-0,1000,0,0.39965556373580352
509,1,0.44,0.040000000000000001,-0,-0,1000,0,0.39965556373580352
510,1,0.44,0.54999999999999993,-0,-0,1000,0,0.39965556373580352
511,1,0.44,0.56000000000000005,-0,-0,1000,0,0.39965556373580352
512,1,0.44,0.58000000000000007,-0,-0,1000,0,0.39965556373580352
513,1,0.46000000000000002,0,-0,-0,1000,0,0.39965556373580352
514,1,0.46000000000000002,0.020000000000000004,-0,-0,1000,0,0.39965556373580352
515,1,0.46000000000000002,0.040000000000000001,-0,-0,1000,0,0.39965556373580352
516,1,0.46000000000000002,0.54999999999999993,-0,-0,1000,0,0.39965556373580352
517,1,0.46000000000000002,0.56000000000000005,-0,-0,1000,0,0.39965556373580352
518,1,0.46000000000000002,0.58000000000000007,-0,-0,1000,0,0.39965556373580352
519,1,0.47999999999999998,0,-0,-0,1000,0,0.39965556373580352
520,1,0.47999999999999998,0.020000000000000004,-0,-0,1000,0,0.39965556373580352
521,1,0.47999999999999998,0.040000000000000001,-0,-0,1000,0,0.39965556373580352
522,1,0.47999999999999998,0.54999999999999993,-0,-0,1000,0,0.39965556373580352
523,1,0.47999999999999998,0.56000000000000005,-0,-0,1000,0,0.39965556373580352
524,1,0.47999999999999998,0.58000000000000007,-0,-0,1000,0,0.39965556373580352
525,1,0.5,0,-0,-0,1000,0,0.39965556373580352
526,1,0.5,0.020000000000000004,-0,-0,1000,0,0.39965556373580352
527,1,0.5,0.040000000000000001,-0,-0,1000,0,0.39965556373580352
528,1,0.5,0.54999999999999993,-0,-0,1000,0,0.39965556373580352
529,1,0.5,0.56000000000000005,-0,-0,1000,0,0.39965556373580352
530,1,0.5,0.58000000000000007,-0,-0,1000,0,0.39965556373580352
531,1,0.52000000000000002,0,-0,-0,1000,0,0.39965556373580352
532,1,0.52000000000000002,0.020000000000000004,-0,-0,1000,0,0.39965556373580352
533,1,0.52000000000000002,0.040000000000000001,-0,-0,1000,0,0.39965556373580352
534,1,0.52000000000000002,0.54999999999999993,-0,-0,1000,0,0.39965556373580352
535,1,0.52000000000000002,0.56000000000000005,-0,-0,1000,0,0.39965556373580352
536,1,0.52000000000000002,0.58000000000000007,-0,-0,1000,0,0.39965556373580352
537,1,0.54000000000000004,0,-0,-0,1000,0,0.39965556373580352
538,1,0.54000000000000004,0.020000000000000004,-0,-0,1000,0,0.39965556373580352
539,1,0.54000000000000004,0.040000000000000001,-0,-0,1000,0,0.39965556373580352
540,1,0.54000000000000004,0.54999999999999993,-0,-0,1000,0,0.39965556373580352
541,1,0.54000000000000004,0.56000000000000005,-0,-0,1000,0,0.39965556373580352
542,1,0.54000000000000004,0.58000000000000007,-0,-0,1000,0,0.39965556373580352
543,1,0.56000000000000005,0,-0,-0,1000,0,0.39965556373580352
544,1,0.56000000000000005,0.020000000000000004,-0,-0,1000,0,0.39965556373580352
545,1,0.56000000000000005,0.040000000000000001,-0,-0,1000,0,0.39965556373580352
546,1,0.56000000000000005,0.54999999999999993,-0,-0,1000,0,0.39965556373580352
547,1,0.56000000000000005,0.56000000000000005,-0,-0,1000,0,0.39965556373580352
548,1,0.56000000000000005,0.58000000000000007,-0,-0,1000,0,0.39965556373580352
549,1,0.57999999999999996,0,-0,-0,1000,0,0.39965556373580352
550,1,0.57999999999999996,0.020000000000000004,-0,-0,1000,0,0.39965556373580352
551,1,0.57999999999999996,0.040000000000000001,-0,-0,1000,0,0.39965556373580352
552,1,0.57999999999999996,0.54999999999999993,-0,-0,1000,0,0.39965556373580352
553,1,0.57999999999999996,0.56000000000000005,-0,-0,1000,0,0.39965556373580352
554,1,0.57999999999999996,0.58000000000000007,-0,-0,1000,0,0.39965556373580352
555,1,0.59999999999999998,0,-0,-0,1000,0,0.39965556373580352
556,1,0.59999999999999998,0.020000000000000004,-0,-0,1000,0,0.39965556373580352
557,1,0.59999999999999998,0.040000000000000001,-0,-0,1000,0,0.39965556373580352
558,1,0.59999999999999998,0.54999999999999993,-0,-0,1000,0,0.39965556373580352
559,1,0.59999999999999998,0.56000000000000005,-0,-0,1000,0,0.39965556373580352
560,1,0.59999999999999998,0.58000000000000007,-0,-0,1000,0,0.39965556373580352
561,1,0.62,0,-0,-0,1000,0,0.39965556373580352
562,1,0.62,0.020000000000000004,-0,-0,1000,0,0.39965556373580352
563,1,0.62,0.040000000000000001,-0,-0,1000,0,0.39965556373580352
564,1,0.62,0.54999999999999993,-0,-0,1000,0,0.39965556373580352
565,1,0.62,0.56000000000000005,-0,-0,1000,0,0.39965556373580352
566,1,0.62,0.58000000000000007,-0,-0,1000,0,0.39965556373580352
567,1,0.64000000000000001,0,-0,-0,1000,0,0.39965556373580352
568,1,0.64000000000000001,0.020000000000000004,-0,-0,1000,0,0.39965556373580352
569,1,0.64000000000000001,0.040000000000000001,-0,-0,1000,0,0.39965556373580352
570,1,0.64000000000000001,0.54999999999999993,-0,-0,1000,0,0.39965556373580352
571,1,0.64000000000000001,0.56000000000000005,-0,-0,1000,0,0.39965556373580352
572,1,0.64000000000000001,0.58000000000000007,-0,-0,1000,0,0.39965556373580352
573,1,0.66000000000000003,0,-0,-0,1000,0,0.39965556373580352
574,1,0.66000000000000003,0.020000000000000004,-0,-0,1000,0,0.39965556373580352
575,1,0.66000000000000003,0.040000000000000001,-0,-0,1000,0,0.39965556373580352
576,1,0.66000000000000003,0.54999999999999993,-0,-0,1000,0,0.39965556373580352
577,1,0.66000000000000003,0.56000000000000005,-0,-0,1000,0,0.39965556373580352
578,1,0.66000000000000003,0.58000000000000007,-0,-0,1000,0,0.39965556373580352
579,1,0.68000000000000005,0,-0,-0,1000,0,0.39965556373580352
580,1,0.68000000000000005,0.020000000000000004,-0,-0,1000,0,0.39965556373580352
581,1,0.68000000000000005,0.040000000000000001,-0,-0,1000,0,0.39965556373580352
582,1,0.68000000000000005,0.54999999999999993,-0,-0,1000,0,0.39965556373580352
583,1,0.68000000000000005,0.56000000000000005,-0,-0,1000,0,0.39965556373580352
584,1,0.68000000000000005,0.58000000000000007,-0,-0,1000,0,0.39965556373580352
585,1,0.70000000000000007,0,-0,-0,1000,0,0.39965556373580352
586,1,0.70000000000000007,0.020000000000000004,-0,-0,1000,0,0.39965556373580352
587,1,0.70000000000000007,0.040000000000000001,-0,-0,1000,0,0.39965556373580352
588,1,0.70000000000000007,0.54999999999999993,-0,-0,1000,0,0.39965556373580352
589,1,0.70000000000000007,0.56000000000000005,-0,-0,1000,0,0.39965556373580352
590,1,0.70000000000000007,0.58000000000000007,-0,-0,1000,0,0.39965556373580352
591,1,0.71999999999999997,0,-0,-0,1000,0,0.39965556373580352
592,1,0.71999999999999997,0.020000000000000004,-0,-0,1000,0,0.39965556373580352
593,1,0.71999999999999997,0.040000000000000001,-0,-0,1000,0,0.39965556373580352
594,1,0.71999999999999997,0.54999999999999993,-0,-0,1000,0,0.39965556373580352
595,1,0.71999999999999997,0.56000000000000005,-0,-0,1000,0,0.39965556373580352
596,1,0.71999999999999997,0.58000000000000007,-0,-0,1000,0,0.39965556373580352
597,1,0.73999999999999999,0,-0,-0,1000,0,0.39965556373580352
598,1,0.73999999999999999,0.020000000000000004,-0,-0,1000,0,0.39965556373580352
599,1,0.73999999999999999,0.040000000000000001,-0,-0,1000,0,0.39965556373580352
600,1,0.73999999999999999,0.54999999999999993,-0,-0,1000,0,0.39965556373580352
601,1,0.73999999999999999,0.56000000000000005,-0,-0,1000,0,0.39965556373580352
602,1,0.73999999999999999,0.58000000000000007,-0,-0,1000,0,0.39965556373580352
603,1,0.76000000000000001,0,-0,-0,1000,0,0.39965556373580352
604,1,0.76000000000000001,0.020000000000000004,-0,-0,1000,0,0.39965556373580352
605,1,0.76000000000000001,0.040000000000000001,-0,-0,1000,0,0.39965556373580352
606,1,0.76000000000000001,0.54999999999999993,-0,-0,1000,0,0.39965556373580352
607,1,0.76000000000000001,0.56000000000000005,-0,-0,1000,0,0.39965556373580352
608,1,0.76000000000000001,0.58000000000000007,-0,-0,1000,0,0.39965556373580352
609,1,0.78000000000000003,0,-0,-0,1000,0,0.39965556373580352
610,1,0.78000000000000003,0.020000000000000004,-0,-0,1000,0,0.39965556373580352
611,1,0.78000000000000003,0.040000000000000001,-0,-0,1000,0,0.39965556373580352
612,1,0.78000000000000003,0.54999999999999993,-0,-0,1000,0,0.39965556373580352
613,1,0.78000000000000003,0.56000000000000005,-0,-0,1000,0,0.39965556373580352
614,1,0.78000000000000003,0.58000000000000007,-0,-0,1000,0,0.39965556373580352
615,1,0.80000000000000004,0,-0,-0,1000,0,0.39965556373580352
616,1,0.80000000000000004,0.020000000000000004,-0,-0,1000,0,0.39965556373580352
617,1,0.80000000000000004,0.040000000000000001,-0,-0,1000,0,0.39965556373580352
618,1,0.80000000000000004,0.54999999999999993,-0,-0,1000,0,0.39965556373580352
619,1,0.80000000000000004,0.56000000000000005,-0,-0,1000,0,0.39965556373580352
620,1,0.80000000000000004,0.58000000000000007,-0,-0,1000,0,0.39965556373580352
621,1,0.82000000000000006,0,-0,-0,1000,0,0.39965556373580352
622,1,0.82000000000000006,0.020000000000000004,-0,-0,1000,0,0.39965556373580352
623,1,0.82000000000000006,0.040000000000000001,-0,-0,1000,0,0.39965556373580352
624,1,0.82000000000000006,0.54999999999999993,-0,-0,1000,0,0.39965556373580352
625,1,0.82000000000000006,0.56000000000000005,-0,-0,1000,0,0.39965556373580352
626,1,0.82000000000000006,0.58000000000000007,-0,-0,1000,0,0.39965556373580352
627,1,0.83999999999999997,0,-0,-0,1000,0,0.39965556373580352
628,1,0.83999999999999997,0.020000000000000004,-0,-0,1000,0,0.39965556373580352
629,1,0.83999999999999997,0.040000000000000001,-0,-0,1000,0,0.39965556373580352
630,1,0.83999999999999997,0.54999999999999993,-0,-0,1000,0,0.39965556373580352
631,1,0.83999999999999997,0.56000000000000005,-0,-0,1000,0,0.39965556373580352
632,1,0.83999999999999997,0.58000000000000007,-0,-0,1000,0,0.39965556373580352
633,1,0.85999999999999999,0,-0,-0,1000,0,0.39965556373580352
634,1,0.85999999999999999,0.020000000000000004,-0,-0,1000,0,0.39965556373580352
635,1,0.85999999999999999,0.040000000000000001,-0,-0,1000,0,0.39965556373580352
636,1,0.85999999999999999,0.54999999999999993,-0,-0,1000,0,0.39965556373580352
637,1,0.85999999999999999,0.56000000000000005,-0,-0,1000,0,0.39965556373580352
638,1,0.85999999999999999,0.58000000000000007,-0,-0,1000,0,0.39965556373580352
639,1,0.88,0,-0,-0,1000,0,0.39965556373580352
640,1,0.88,0.020000000000000004,-0,-0,1000,0,0.39965556373580352
641,1,0.88,0.040000000000000001,-0,-0,1000,0,0.39965556373580352
642,1,0.88,0.54999999999999993,-0,-0,1000,0,0.39965556373580352
643,1,0.88,0.56000000000000005,-0,-0,1000,0,0.39965556373580352
644,1,0.88,0.58000000000000007,-0,-0,1000,0,0.39965556373580352
645,1,0.90000000000000002,0,-0,-0,1000,0,0.39965556373580352
646,1,0.90000000000000002,0.020000000000000004,-0,-0,1000,0,0.39965556373580352
647,1,0.90000000000000002,0.040000000000000001,-0,-0,1000,0,0.39965556373580352
648,1,0.90000000000000002,0.54999999999999993,-0,-0,1000,0,0.39965556373580352
649,1,0.90000000000000002,0.56000000000000005,-0,-0,1000,0,0.39965556373580352
650,1,0.90000000000000002,0.58000000000000007,-0,-0,1000,0,0.39965556373580352
651,1,0.92000000000000004,0,-0,-0,1000,0,0.39965556373580352
652,1,0.92000000000000004,0.020000000000000004,-0,-0,1000,0,0.39965556373580352
653,1,0.92000000000000004,0.040000000000000001,-0,-0,1000,0,0.39965556373580352
654,1,0.92000000000000004,0.54999999999999993,-0,-0,1000,0,0.39965556373580352
655,1,0.92000000000000004,0.56000000000000005,-0,-0,1000,0,0.39965556373580352
656,1,0.92000000000000004,0.58000000000000007,-0,-0,1000,0,0.39965556373580352
657,1,0.94000000000000006,0,-0,-0,1000,0,0.39965556373580352
658,1,0.94000000000000006,0.020000000000000004,-0,-0,1000,0,0.39965556373580352
659,1,0.94000000000000006,0.040000000000000001,-0,-0,1000,0,0.39965556373580352
660,1,0.94000000000000006,0.54999999999999993,-0,-0,1000,0,0.39965556373580352
661,1,0.94000000000000006,0.56000000000000005,-0,-0,1000,0,0.39965556373580352
662,1,0.94000000000000006,0.58000000000000007,-0,-0,1000,0,0.39965556373580352
663,1,0.95999999999999996,0,-0,-0,1000,0,0.39965556373580352
664,1,0.95999999999999996,0.020000000000000004,-0,-0,1000,0,0.39965556373580352
665,1,0.95999999999999996,0.040000000000000001,-0,-0,1000,0,0.39965556373580352
666,1,0.95999999999999996,0.54999999999999993,-0,-0,1000,0,0.39965556373580352
667,1,0.95999999999999996,0.56000000000000005,-0,-0,1000,0,0.39965556373580352
668,1,0.95999999999999996,0.58000000000000007,-0,-0,1000,0,0.39965556373580352
669,1,0.97999999999999998,0,-0,-0,1000,0,0.39965556373580352
670,1,0.97999999999999998,0.020000000000000004,-0,-0,1000,0,0.39965556373580352
671,1,0.97999999999999998,0.040000000000000001,-0,-0,1000,0,0.39965556373580352
672,1,0.97999999999999998,0.54999999999999993,-0,-0,1000,0,0.39965556373580352
673,1,0.97999999999999998,0.56000000000000005,-0,-0,1000,0,0.39965556373580352
674,1,0.97999999999999998,0.58000000000000007,-0,-0,1000,0,0.39965556373580352
675,1,1,0,-0,-0,1000,0,0.39965556373580352
676,1,1,0.020000000000000004,-0,-0,1000,0,0.39965556373580352
677,1,1,0.040000000000000001,-0,-0,1000,0,0.39965556373580352
678,1,1,0.54999999999999993,-0,-0,1000,0,0.39965556373580352
679,1,1,0.56000000000000005,-0,-0,1000,0,0.39965556373580352
680,1,1,0.58000000000000007,-0,-0,1000,0,0.39965556373580352
