x,y,vx,vy,rho,p,neighbor_count
4.500000000e-06,2.559064662e-06,0.000000000e+00,-1.166255046e-01,9.973534304e+02,-1.600243601e+05,10
2.350714181e-02,1.158168969e-06,1.895834247e+00,-3.341831031e-01,1.003550364e+03,1.165753102e+06,13
5.319330803e-02,1.289298833e-06,-2.142882703e+00,-3.210701167e-01,9.803353862e+02,6.992140805e+05,13
7.562564188e-02,2.749786053e-02,1.780089868e+01,1.521586124e+01,1.305355955e+03,7.925139108e+06,16
9.457328220e-02,1.798811841e-06,2.908337685e+00,-2.701188159e-01,9.654914352e+02,2.281459227e+05,13
9.862253803e-02,8.260125922e-02,1.887116805e+01,2.977798031e+01,1.848555396e+03,1.088163080e+06,14
1.385121434e-01,1.751103471e-06,-1.407200873e+00,-2.748896529e-01,1.003560103e+03,1.137824561e+06,13
1.724976194e-01,4.500000000e-06,-2.763507762e-02,0.000000000e+00,1.003453474e+03,1.176267070e+06,12
2.063746330e-01,1.584441343e-06,-4.656042897e-02,-2.915558657e-01,1.003682506e+03,1.198390230e+06,12
2.400742616e-01,1.621539104e-06,9.130544780e-01,-2.878460896e-01,1.004059272e+03,1.192509038e+06,15
2.778269036e-01,1.722921157e-06,-4.700142095e-01,-2.777078843e-01,1.003883105e+03,1.148678729e+06,13
3.137565682e-01,1.831293308e-06,8.232939757e-01,-2.668706692e-01,1.003432758e+03,1.097101343e+06,11
3.630760904e-01,2.745649296e-02,-2.123897190e+01,1.465608846e+01,1.356171038e+03,8.552853532e+06,16
4.005782101e-01,1.837533007e-06,1.165508183e+00,-2.662466993e-01,1.003857150e+03,1.102775251e+06,12
5.020833627e-01,1.849365038e-06,2.307228027e-01,-2.650634962e-01,1.003797564e+03,1.096462496e+06,11
6.285087302e-01,5.247497392e-02,7.908873664e+01,-1.019637547e+01,1.125307076e+03,4.821076543e+06,11
1.489941086e-06,2.330400870e-02,-3.010058914e-01,2.583062240e+00,9.989267808e+02,1.020736626e+06,14
8.869681741e-02,8.181396399e-02,1.911790982e+00,1.091775542e+01,1.539072789e+03,1.395900115e+06,15
1.149198278e-01,9.653629054e-02,1.692896036e+01,1.079867919e+01,1.636435199e+03,8.245742273e+05,17
1.302015296e-01,9.455676800e-02,1.239602109e+01,1.530267806e+01,7.021653250e+02,-9.349468564e+03,16
1.484660434e-01,7.121625022e-02,3.382899254e+00,-3.356774399e+00,9.783620478e+02,3.187304420e+05,14
1.730187230e-01,8.145430720e-02,5.278877425e+00,9.767629237e+00,1.012651473e+03,1.913998577e+05,17
1.947184116e-01,7.739444138e-02,1.169051500e+01,7.922852665e+00,1.020104848e+03,2.569951537e+05,15
2.154326420e-01,8.025409367e-02,6.003523133e+00,1.076849693e+01,9.925557706e+02,1.352755256e+05,17
2.371955095e-01,7.151774625e-02,1.684927211e+01,5.071662001e+00,9.984873938e+02,2.289982898e+05,17
2.600319637e-01,7.678285846e-02,5.889855110e+00,4.773553836e+00,9.901824786e+02,-3.262524567e+05,17
2.747653438e-01,7.138448340e-02,1.990834976e+01,4.095417709e+00,1.007528445e+03,7.641763178e+05,15
3.075488490e-01,7.197836814e-02,1.617706406e+01,-3.069771602e+00,1.002122208e+03,-1.131933160e+05,12
2.943136642e-01,8.759928533e-02,3.218241044e+00,2.671008352e+00,9.905237559e+02,-6.033697847e+05,14
3.537637742e-01,9.513691875e-02,9.945561985e+00,4.384258398e+00,9.869947271e+02,-1.913109844e+05,12
3.594094918e-01,8.135619800e-02,1.399009542e+01,-6.206883768e+00,9.973659663e+02,6.885442585e+04,10
3.976192742e-01,1.076361750e-01,7.418044833e+00,6.547965588e+00,1.000444236e+03,3.311135783e+05,9
1.545689553e-06,5.548791753e-02,-2.954310447e-01,-1.773410340e-01,9.324072845e+02,-6.002905177e+05,14
9.748559575e-02,1.091842209e-01,8.573756342e+00,8.586774630e+00,1.479628937e+03,7.599003646e+05,13
1.009225466e-01,9.643330372e-02,6.023980049e+00,2.416042474e+00,2.075380608e+03,1.234817940e+06,14
1.438280449e-01,9.917888334e-02,1.755199585e+01,9.581013281e+00,7.866787666e+02,5.347020597e+05,14
1.504693639e-01,9.387185270e-02,1.235930273e+01,2.754030732e+00,8.217319998e+02,-1.337251823e+05,13
1.733539634e-01,9.357962598e-02,1.291530366e+01,-2.393319200e+00,1.026970038e+03,8.790093712e+04,16
1.886589456e-01,9.704162423e-02,7.865290282e+00,7.386115063e+00,1.030867832e+03,2.295541285e+05,15
2.114097578e-01,9.305554893e-02,9.014287537e+00,5.841631662e-02,9.938239187e+02,-1.165515641e+05,16
2.262724382e-01,9.900638499e-02,5.929534228e+00,7.201527346e+00,1.007513833e+03,3.975940377e+05,16
2.552044150e-01,1.024214560e-01,7.348756056e+00,8.214088616e+00,9.905014707e+02,-2.302528500e+05,14
2.702397993e-01,1.008462547e-01,9.626290823e+00,4.564145620e+00,1.021643841e+03,7.769420129e+05,15
3.035796052e-01,9.858953244e-02,1.265197567e+01,-3.090009848e+00,1.007080243e+03,1.587710541e+04,11
3.215760908e-01,1.100187859e-01,7.798721203e+00,4.510425269e+00,9.937554858e+02,-1.041622561e+05,13
3.566199431e-01,9.585453996e-02,1.744583875e+01,3.964262714e+00,1.017119935e+03,6.956974099e+05,13
3.854146689e-01,8.442052959e-02,1.376623177e+01,-6.738820927e+00,9.893244378e+02,-1.461978620e+06,12
3.850363522e-01,1.006268176e-01,1.006607051e+01,2.571652133e+00,1.002738853e+03,-7.921592693e+04,13
2.852025983e-02,5.685550841e-02,2.227861720e+01,5.597664578e+00,1.270916984e+03,7.309850507e+06,19
9.216867874e-02,1.227662818e-01,5.816439586e+00,7.380487386e+00,7.028845296e+02,6.508472475e+05,15
1.011979248e-01,1.372334290e-01,9.183106559e+00,1.283290850e+01,7.512212824e+02,-1.496972177e+04,16
1.391991694e-01,1.339565470e-01,5.181694913e+00,2.431456764e+00,1.137802741e+03,2.352801316e+06,13
1.423732076e-01,1.206248379e-01,1.922120894e+00,5.521883643e+00,9.779871343e+02,-5.567279028e+05,12
1.803087849e-01,1.192939534e-01,1.160361574e+01,5.600343319e+00,9.859045770e+02,-4.041673215e+05,17
1.955494403e-01,1.179569165e-01,1.003377613e+01,1.556838335e+00,9.948047021e+02,-4.852144832e+05,15
2.199060044e-01,1.189770093e-01,9.320934710e+00,2.883134677e+00,9.833487197e+02,-5.834013618e+05,14
2.390457926e-01,1.089053813e-01,1.041810851e+01,-3.686616244e+00,9.933644090e+02,-4.940480377e+05,15
2.641690420e-01,1.222546218e-01,1.374153399e+01,1.984003571e+00,9.923126798e+02,-4.764767911e+05,14
2.788098225e-01,1.094657613e-01,5.615831540e+00,-2.125467958e+00,9.868709423e+02,-5.596126731e+05,15
3.063577829e-01,1.235824541e-01,1.511609809e+01,-2.231250171e+00,1.003180906e+03,1.758373233e+05,13
3.226045485e-01,1.081618150e-01,7.231873471e+00,-3.779039101e+00,9.946997981e+02,-2.938831044e+05,13
3.588664884e-01,1.282331260e-01,1.684155947e+01,-3.044513451e+00,9.858155500e+02,-3.197985201e+05,16
3.728407081e-01,1.313152025e-01,1.471568408e+01,5.583597304e+00,1.026281153e+03,9.446386260e+05,13
3.930188151e-01,1.253789727e-01,1.146026575e+01,-8.428452738e+00,9.870135104e+02,-2.292061488e+05,11
1.750917832e-06,9.142976947e-02,-2.749082168e-01,-8.333609210e-01,1.002889174e+03,1.126112799e+06,13
7.593525171e-02,1.348297066e-01,8.238938264e+00,-1.126341062e+01,8.269191837e+02,-8.016019173e+05,15
9.953906303e-02,1.432979643e-01,9.988038969e+00,6.041234774e+00,8.290920092e+02,4.254239920e+05,13
1.286607693e-01,1.348985532e-01,1.312516055e+01,-1.171555534e+00,1.025216642e+03,-7.775103887e+05,14
1.524015022e-01,1.445080690e-01,1.321858133e+01,6.641391361e+00,9.884325941e+02,-1.196515844e+06,13
1.727293419e-01,1.375597146e-01,1.128617142e+01,1.202984010e+00,9.710862765e+02,-5.452832459e+05,14
1.860237697e-01,1.407415749e-01,4.262635467e+00,2.490772489e+00,1.017415920e+03,8.767036805e+05,13
2.169477727e-01,1.371425480e-01,1.405516725e+01,-9.933075174e-01,9.778168318e+02,-4.470238736e+05,15
2.269881259e-01,1.397911496e-01,5.067216076e+00,2.679647152e+00,1.030193528e+03,7.731841163e+05,14
2.598541984e-01,1.423974228e-01,1.361016795e+01,6.091934328e+00,9.889896968e+02,-2.981170232e+05,14
2.742553304e-01,1.405354002e-01,9.355760234e+00,3.389422031e+00,1.012954549e+03,3.485412526e+05,14
3.052177506e-01,1.330566789e-01,1.231607725e+01,-1.156689657e+00,9.955850602e+02,-1.735528756e+05,12
3.216035900e-01,1.467178437e-01,9.069717830e+00,4.070351557e+00,1.004038859e+03,1.087262774e+04,15
3.584194222e-01,1.229072100e-01,1.614969465e+01,1.600119684e-01,9.888454027e+02,-3.938803073e+05,15
3.847762441e-01,1.430400157e-01,2.883108771e+01,6.336753019e+00,9.851214117e+02,-4.083311068e+05,13
4.053311379e-01,1.174868199e-01,1.440755078e+01,4.795476318e-01,1.003136402e+03,-4.543283472e+05,6
8.958386175e-02,8.457883878e-02,2.902944408e+01,6.171006316e+00,1.691465801e+03,1.426641917e+06,13
8.470847037e-02,1.590712355e-01,1.228746329e+01,-3.445123044e+00,9.787374792e+02,2.672798733e+05,15
9.753099791e-02,1.643144611e-01,3.765116218e+00,8.931560060e+00,1.050510631e+03,5.511687166e+05,16
1.278194356e-01,1.673131422e-01,1.334712547e+01,2.131751019e+00,9.876491593e+02,-4.226892393e+05,15
1.424321895e-01,1.609268709e-01,3.215587831e+00,5.185347716e+00,1.014621900e+03,3.158905653e+05,11
1.763055941e-01,1.627028016e-01,1.059951403e+01,2.644361159e+00,1.011563963e+03,8.106836478e+04,13
1.907421611e-01,1.548726448e-01,3.467346671e+00,1.654380669e+00,9.681026306e+02,-8.516662344e+05,13
2.188933493e-01,1.602743091e-01,1.220383135e+01,1.935443639e+00,9.851579176e+02,-5.287804633e+05,16
2.375770369e-01,1.526632706e-01,5.767496904e+00,1.743186644e-01,9.793535713e+02,-9.205593663e+05,14
2.607046566e-01,1.613047588e-01,1.011042238e+01,8.876929447e-01,9.981134859e+02,-1.672162558e+05,15
2.817915462e-01,1.526614962e-01,7.149997806e+00,1.567024375e+00,9.828819054e+02,-7.778486691e+05,15
3.034451584e-01,1.625121971e-01,1.060069917e+01,7.951016541e-01,9.924402551e+02,-2.183130750e+05,13
3.226116601e-01,1.476495099e-01,9.709208523e+00,-1.258133867e+00,1.000807393e+03,-1.849087992e+05,15
3.505515107e-01,1.714187051e-01,1.567466836e+01,3.497954310e+00,9.923042416e+02,-3.045588539e+05,16
3.604829377e-01,1.557666597e-01,7.683693269e+00,6.184592060e+00,9.960864252e+02,-2.306443375e+05,13
3.873547983e-01,1.653253016e-01,7.737573236e+00,-5.948517997e+00,1.004772487e+03,2.613072617e+05,10
1.859211848e-06,1.273279963e-01,-2.640788152e-01,8.912949702e-01,1.002888047e+03,1.084084668e+06,11
8.184195742e-02,1.773244131e-01,4.867239791e+00,-2.344190137e+00,1.060330839e+03,7.359862624e+04,16
9.866211004e-02,1.796587451e-01,9.189449490e+00,2.873146858e+00,1.084855547e+03,2.698902873e+05,15
1.299977982e-01,1.812625691e-01,8.143748901e+00,4.324755774e+00,9.921373724e+02,2.808888852e+05,13
1.483683438e-01,1.784147933e-01,9.474102313e+00,1.318784748e+00,9.820925675e+02,-2.033039309e+05,13
1.690747416e-01,1.796355057e-01,8.939637955e+00,5.074494858e+00,9.907804395e+02,-3.443070312e+05,17
1.910989938e-01,1.807682508e-01,7.913020886e+00,2.778485869e+00,9.971163263e+02,1.189072596e+04,14
2.127971470e-01,1.782046640e-01,9.686658829e+00,2.163464249e+00,9.866833345e+02,-4.695367413e+05,15
2.311819581e-01,1.783478362e-01,5.421796605e+00,1.871685065e+00,1.018924251e+03,4.423184894e+05,15
2.570826484e-01,1.793666023e-01,1.151826829e+01,4.418190471e+00,9.823805683e+02,-5.414406646e+05,16
2.758625664e-01,1.777210572e-01,7.782170970e+00,2.775194219e+00,1.009235498e+03,7.893869793e+04,15
3.017962210e-01,1.729774361e-01,1.012609071e+01,-1.392912238e+00,9.971278433e+02,-1.603742147e+05,13
3.217241531e-01,1.799257459e-01,1.056028687e+01,4.239261476e+00,9.952407942e+02,-2.529808548e+05,13
3.506815525e-01,1.637839666e-01,1.316339869e+01,-2.969496869e+00,1.007998245e+03,2.000209651e+05,16
3.783392609e-01,1.764190207e-01,2.646859468e+01,-1.009026730e+00,9.896808033e+02,-5.826799033e+04,12
3.884243148e-01,1.606289110e-01,8.591313389e+00,1.685107879e-01,1.005047421e+03,2.065989174e+05,11
5.217029828e-02,1.532338987e-01,2.101193443e+01,9.918501129e+00,1.294023953e+03,7.712301536e+06,14
8.658202071e-02,1.982988815e-01,1.175279788e+01,6.548872702e-02,1.032602103e+03,6.381432367e+05,13
9.576778503e-02,1.957227356e-01,9.007110984e+00,2.057246672e+00,1.032220172e+03,4.260050674e+05,16
1.211994011e-01,2.021636111e-01,6.567354823e+00,1.674836264e+00,9.825167071e+02,-4.992713448e+05,15
1.425287037e-01,1.986556470e-01,4.270400219e+00,4.150539975e+00,9.974587618e+02,1.905222267e+05,12
1.706672544e-01,1.994126842e-01,9.156881849e+00,8.164472051e-01,9.984893443e+02,-3.587936027e+05,12
1.894868223e-01,1.934961438e-01,4.548444180e+00,-3.481336403e-01,9.954732778e+02,-1.156091888e+05,14
2.162927736e-01,1.983406701e-01,1.194446322e+01,9.056963187e-01,9.883738963e+02,-5.526707381e+05,15
2.361022901e-01,1.924479934e-01,6.246903786e+00,9.482763733e-02,9.794739606e+02,-6.121394521e+05,14
2.596655508e-01,1.986422660e-01,1.177461848e+01,8.643702515e-01,1.000139459e+03,-1.953410445e+05,15
2.808607037e-01,1.922472728e-01,8.485267694e+00,1.392334922e+00,9.840117261e+02,-6.050341251e+05,15
3.028517140e-01,1.997722321e-01,1.147904674e+01,2.163425621e+00,9.919226169e+02,-3.853907139e+05,15
3.232802007e-01,1.876942360e-01,1.073860765e+01,-1.671111924e+00,9.971789096e+02,-2.511165152e+05,15
3.452473311e-01,2.061159705e-01,9.679436553e+00,3.859232059e+00,9.870322645e+02,-3.942838160e+05,17
3.672493371e-01,1.914413861e-01,1.668981423e+01,3.744776462e+00,1.010700538e+03,2.234686587e+05,13
3.848635142e-01,2.106075615e-01,6.289022460e+00,-8.568435642e-01,9.911317399e+02,-4.070826853e+05,9
1.528282078e-06,1.794695670e-01,-2.971717922e-01,-3.546731733e+00,1.003148318e+03,1.231369847e+06,13
8.298512990e-02,2.170339455e-01,7.934665122e+00,3.209611323e-01,9.809174777e+02,1.438683920e+05,16
9.948628527e-02,2.180207682e-01,1.039009430e+01,2.637391678e+00,9.774304745e+02,-1.464564198e+04,15
1.287760228e-01,2.165868033e-01,7.626641817e+00,4.654500648e-02,1.013592057e+03,5.663251823e+05,14
1.449525845e-01,2.136179584e-01,7.250466199e+00,-8.573654552e-01,9.791456982e+02,-4.264579979e+05,14
1.701488836e-01,2.178939325e-01,8.738133025e+00,2.717352655e+00,9.980986337e+02,-1.887473060e+05,15
1.897186262e-01,2.169655708e-01,5.899433849e+00,3.472387162e+00,9.886940622e+02,-3.217661600e+05,15
2.129424101e-01,2.169916467e-01,9.812118017e+00,2.525432241e+00,9.907322968e+02,-3.770525179e+05,16
2.326596450e-01,2.157780759e-01,5.554366183e+00,2.063340687e+00,1.004051012e+03,-8.425402059e+04,16
2.566291578e-01,2.160552474e-01,1.072277357e+01,2.431865624e+00,9.815227203e+02,-5.779961966e+05,16
2.765593263e-01,2.149616197e-01,7.857393368e+00,1.620822241e+00,1.001480095e+03,-2.097820119e+05,16
3.007760031e-01,2.118061869e-01,1.012763777e+01,-1.674507225e+00,9.901002445e+02,-2.971315315e+05,16
3.205170620e-01,2.158367431e-01,1.199588269e+01,2.650679013e+00,1.001413986e+03,-1.547956659e+05,14
3.448099454e-01,2.038688916e-01,8.708420633e+00,-4.106215217e+00,9.907853725e+02,-3.217175615e+05,17
3.662765100e-01,2.134300214e-01,1.828173103e+01,-3.172739514e+00,1.000778656e+03,1.703372231e+05,13
3.852850208e-01,1.994480120e-01,6.911187644e+00,3.875004952e+00,9.947890034e+02,-3.306365694e+05,11
9.196298873e-07,2.079205749e-01,-3.580370113e-01,-1.269883670e+00,1.003309864e+03,1.468405550e+06,12
8.551770004e-02,2.359698386e-01,1.143549416e+01,-2.312498478e-01,9.936002670e+02,5.446954724e+05,15
9.752243088e-02,2.324712403e-01,1.119850406e+01,-1.291820789e+00,9.800142451e+02,2.468724224e+05,15
1.229745025e-01,2.371433364e-01,7.331649287e+00,2.662858714e+00,9.957375659e+02,-2.509977555e+05,16
1.430994006e-01,2.365286018e-01,5.711319705e+00,3.497616601e+00,9.988691392e+02,3.191251107e+03,13
1.681564067e-01,2.359125440e-01,7.583655309e+00,1.331644779e+00,9.902266015e+02,-4.786072307e+05,12
1.896211190e-01,2.325366956e-01,5.997153826e+00,-6.495924219e-01,9.987640838e+02,-4.570618684e+04,12
2.132137465e-01,2.352063118e-01,9.498710939e+00,4.376480305e-01,9.857179505e+02,-5.874862436e+05,13
2.353420066e-01,2.317559311e-01,7.137038097e+00,3.633047250e-02,9.863993636e+02,-4.528727199e+05,14
2.573735883e-01,2.357718016e-01,1.050996909e+01,8.856844873e-01,9.947272787e+02,-3.491539069e+05,14
2.800486298e-01,2.313780406e-01,8.834490063e+00,1.356432278e+00,9.883465147e+02,-5.490197861e+05,15
3.011409194e-01,2.367804197e-01,1.073996453e+01,1.852679976e+00,9.902123859e+02,-3.807543134e+05,15
3.237764612e-01,2.286473183e-01,1.139027788e+01,-2.473182253e-01,9.895203684e+02,-4.867200206e+05,14
3.437270082e-01,2.429726623e-01,9.399014757e+00,5.925966437e+00,9.946092398e+02,-1.742702685e+05,17
3.736996899e-01,2.312922637e-01,2.580622023e+01,4.818807448e+00,1.011893583e+03,5.104016090e+05,12
3.848219991e-01,2.517907114e-01,7.598702229e+00,7.443346274e+00,1.001239682e+03,-2.602954830e+05,11
4.519892080e-07,2.345014577e-01,-4.048010792e-01,-5.078698835e-01,1.004772380e+03,1.666904702e+06,12
8.416755623e-02,2.545041799e-01,1.021181457e+01,2.407366168e-01,1.004759419e+03,3.323800201e+05,17
9.902531844e-02,2.546539361e-01,1.067969155e+01,2.097754280e+00,9.968895563e+02,-3.097020296e+03,15
1.259566036e-01,2.542595238e-01,7.443652344e+00,-5.887422417e-01,1.005701148e+03,1.908258676e+05,17
1.443770985e-01,2.503289041e-01,7.869158133e+00,-2.705437387e+00,9.937039729e+02,-1.189493768e+05,12
1.691507639e-01,2.548816916e-01,8.199172005e+00,1.470473713e+00,9.932577301e+02,-3.493578328e+05,15
1.896560327e-01,2.534507184e-01,6.567850579e+00,1.931002464e+00,9.892235105e+02,-3.294299327e+05,15
2.123773623e-01,2.542326181e-01,8.958186663e+00,1.856710763e+00,9.907395180e+02,-4.732283017e+05,16
2.337029316e-01,2.531946107e-01,6.809512817e+00,1.417608865e+00,9.932390561e+02,-4.307465410e+05,16
2.561515013e-01,2.528487575e-01,9.860675462e+00,6.794890456e-01,9.871578039e+02,-4.679349524e+05,16
2.772475516e-01,2.525624191e-01,8.535116892e+00,3.009301342e-01,9.895742396e+02,-5.680823427e+05,15
3.000755075e-01,2.500624676e-01,1.002852704e+01,-1.687568683e+00,9.964180258e+02,-1.583531618e+05,15
3.196693178e-01,2.532204339e-01,1.163874123e+01,8.133387698e-01,9.905507723e+02,-4.867796168e+05,15
3.433286975e-01,2.434306405e-01,8.615682761e+00,-3.616322905e+00,9.977486311e+02,-1.050094692e+05,17
3.627691693e-01,2.509473410e-01,1.593079107e+01,-1.666830661e+00,9.873407602e+02,-3.616057644e+05,15
3.851842395e-01,2.373638281e-01,9.698519921e+00,-2.890355782e+00,9.923152202e+02,-4.056437641e+05,10
2.323223624e-07,2.610860860e-01,-4.267677638e-01,-4.017723952e-01,1.005481066e+03,1.767642229e+06,13
8.534384610e-02,2.726926565e-01,1.176447301e+01,-1.444676823e-01,1.009591880e+03,5.245115606e+05,16
9.834133430e-02,2.704564906e-01,1.174064046e+01,-1.411957354e+00,9.995076476e+02,1.485710451e+05,15
1.243587866e-01,2.730237746e-01,7.884334569e+00,1.868293443e+00,9.952547623e+02,-9.069691834e+04,17
1.438444127e-01,2.739791878e-01,7.028853042e+00,3.229002763e+00,9.947697803e+02,-6.180293652e+04,13
1.675645229e-01,2.723246233e-01,6.750910042e+00,8.350870252e-01,9.873610187e+02,-4.918888675e+05,14
1.898718480e-01,2.708870293e-01,7.203998289e+00,-8.414647141e-01,9.980877119e+02,-1.206623966e+05,14
2.117430173e-01,2.721290163e-01,7.671699388e+00,-1.556700887e-01,9.829652743e+02,-6.337230183e+05,14
2.350528722e-01,2.702992182e-01,8.177303300e+00,-7.830740307e-01,9.908808968e+02,-4.142752283e+05,14
2.558259584e-01,2.730725072e-01,8.787087048e+00,9.117932228e-01,9.889888770e+02,-4.595834677e+05,14
2.794456182e-01,2.701330752e-01,9.545989572e+00,5.284588042e-01,9.892209487e+02,-5.858183788e+05,15
2.996462668e-01,2.745985932e-01,9.097869244e+00,2.052341188e+00,9.912764125e+02,-2.805861036e+05,15
3.232048449e-01,2.687011856e-01,1.219283598e+01,3.261003639e-01,9.900919336e+02,-5.065132127e+05,14
3.428995376e-01,2.805763528e-01,8.741399478e+00,5.678849134e+00,9.934344699e+02,-1.854206689e+05,17
3.704456445e-01,2.685021413e-01,2.189510254e+01,1.552168848e-03,1.004535828e+03,3.138608161e+05,13
3.846978616e-01,2.887905277e-01,9.078915027e+00,9.931502360e+00,1.005454369e+03,-1.518205320e+05,11
1.931155549e-07,2.871157862e-01,-4.306884445e-01,-5.018896544e-02,1.005375731e+03,1.768625759e+06,12
8.466042660e-02,2.909714877e-01,1.103438519e+01,4.380992824e-01,1.002928324e+03,4.193842291e+05,16
9.878481500e-02,2.917460698e-01,1.158973991e+01,1.617296802e+00,9.953356477e+02,7.189031492e+04,15
1.246193471e-01,2.907795774e-01,7.328714659e+00,-9.623636057e-01,9.960597105e+02,-7.743801958e+03,16
1.442532627e-01,2.882905850e-01,8.018199577e+00,-2.988902878e+00,9.960740839e+02,-2.378721603e+04,13
1.679808845e-01,2.911584033e-01,7.010625951e+00,2.296194815e-01,9.881183060e+02,-4.878589733e+05,15
1.899102894e-01,2.909740250e-01,7.495311920e+00,1.033008845e+00,9.950508413e+02,-2.117949223e+05,15
2.116034671e-01,2.909730936e-01,7.557834113e+00,1.001384715e+00,9.856985411e+02,-5.994894368e+05,15
2.346241081e-01,2.911937270e-01,8.275839235e+00,1.040383268e+00,9.914356949e+02,-4.625973699e+05,16
2.555133772e-01,2.897503726e-01,8.586520707e+00,-4.016767970e-01,9.881385027e+02,-4.554211932e+05,15
2.785492457e-01,2.909401074e-01,9.851033268e+00,-2.463229522e-01,9.874330060e+02,-6.420987354e+05,15
2.993683825e-01,2.877229287e-01,9.021652771e+00,-1.901077304e+00,9.952824121e+02,-1.800353760e+05,15
3.215178186e-01,2.918632211e-01,1.257543606e+01,-2.324478944e-02,9.893222738e+02,-5.271336828e+05,14
3.423976409e-01,2.813585671e-01,8.460910689e+00,-4.597743395e+00,1.000699638e+03,-3.179690186e+04,17
3.651948110e-01,2.903140624e-01,1.852281971e+01,-5.210415152e-01,9.887042066e+02,-2.630679193e+05,14
3.847443256e-01,2.756031535e-01,9.744489011e+00,-7.144576076e+00,9.947287774e+02,-3.629076079e+05,10
1.931166193e-07,3.128397970e-01,-4.306883381e-01,4.631415148e-02,1.005374229e+03,1.768496826e+06,12
8.465996196e-02,3.089232008e-01,1.103719906e+01,-4.808952660e-01,1.002845085e+03,4.192681064e+05,16
9.878382811e-02,3.081456363e-01,1.158869083e+01,-1.659721813e+00,9.952584441e+02,7.197054422e+04,15
1.246190946e-01,3.091121799e-01,7.329497596e+00,9.174784828e-01,9.960680287e+02,-7.664627417e+03,16
1.442534523e-01,3.115988223e-01,8.017422149e+00,2.940438139e+00,9.960685000e+02,-2.413710472e+04,13
1.679812985e-01,3.087289844e-01,7.015586599e+00,-2.802032618e-01,9.880844139e+02,-4.889618259e+05,15
1.899099892e-01,3.089119010e-01,7.495863600e+00,-1.088703279e+00,9.949388791e+02,-2.146558705e+05,15
2.116008535e-01,3.089091915e-01,7.554187951e+00,-1.061940763e+00,9.855678721e+02,-6.024492569e+05,15
2.346223379e-01,3.086887791e-01,8.277080342e+00,-1.099674223e+00,9.912740509e+02,-4.660073942e+05,16
2.555085436e-01,3.101290472e-01,8.577438624e+00,3.394441581e-01,9.880806146e+02,-4.566483943e+05,15
2.785458891e-01,3.089376027e-01,9.848976885e+00,1.852768600e-01,9.874246577e+02,-6.419340037e+05,15
2.993658627e-01,3.121536188e-01,9.018953423e+00,1.840903673e+00,9.952813994e+02,-1.800064565e+05,15
3.215153806e-01,3.080058526e-01,1.257665637e+01,-4.421491377e-02,9.893400018e+02,-5.265863471e+05,14
3.423961449e-01,3.185110534e-01,8.459870743e+00,4.533512371e+00,1.000672515e+03,-3.231519584e+04,17
3.651918495e-01,3.095498816e-01,1.852188736e+01,4.518940726e-01,9.887111078e+02,-2.630761213e+05,14
3.847391987e-01,3.242569648e-01,9.737892937e+00,7.072972434e+00,9.947375553e+02,-3.628777837e+05,10
2.325186323e-07,3.388668488e-01,-4.267481368e-01,3.972438188e-01,1.005479767e+03,1.767495320e+06,13
8.534055533e-02,3.272051497e-01,1.176880174e+01,1.025738007e-01,1.009363040e+03,5.245396573e+05,16
9.833961814e-02,3.294338333e-01,1.173418976e+01,1.367035887e+00,9.992580968e+02,1.478565502e+05,15
1.243588014e-01,3.268682309e-01,7.886042318e+00,-1.912689784e+00,9.952501863e+02,-9.080798537e+04,17
1.438429832e-01,3.259112946e-01,7.023650113e+00,-3.277073883e+00,9.947982181e+02,-6.148791279e+04,13
1.675620723e-01,3.275641638e-01,6.743399005e+00,-8.845416885e-01,9.874123860e+02,-4.908412042e+05,14
1.898690745e-01,3.290075826e-01,7.197113449e+00,7.988101275e-01,9.982177617e+02,-1.174909885e+05,14
2.117425076e-01,3.277579774e-01,7.672992860e+00,1.029142678e-01,9.831053670e+02,-6.304721090e+05,14
2.350503076e-01,3.295912060e-01,8.171970535e+00,7.391188422e-01,9.910534415e+02,-4.103650763e+05,14
2.558270568e-01,3.268093439e-01,8.795923101e+00,-9.693534509e-01,9.890591442e+02,-4.581083409e+05,14
2.794422777e-01,3.297437671e-01,9.542939169e+00,-5.914432988e-01,9.892568678e+02,-5.854071131e+05,15
2.996426458e-01,3.252773252e-01,9.097773161e+00,-2.112634028e+00,9.912788291e+02,-2.805856271e+05,15
3.231985872e-01,3.311661944e-01,1.218624086e+01,-3.970954137e-01,9.900925945e+02,-5.067879083e+05,14
3.428934195e-01,3.192924642e-01,8.737784694e+00,-5.741571641e+00,9.934698033e+02,-1.846463834e+05,17
3.704402110e-01,3.313616926e-01,2.188970648e+01,-7.116890955e-02,1.004519923e+03,3.135669189e+05,13
3.846937099e-01,3.110699909e-01,9.078158960e+00,-1.000543441e+01,1.005461249e+03,-1.514321302e+05,11
4.517849658e-07,3.654533143e-01,-4.048215034e-01,5.040353924e-01,1.004775638e+03,1.667116693e+06,12
8.416678383e-02,3.453932911e-01,1.022514245e+01,-2.877315279e-01,1.004680454e+03,3.327216586e+05,17
9.902156298e-02,3.452387520e-01,1.067081283e+01,-2.145659046e+00,9.968464388e+02,-3.432565074e+03,15
1.259538140e-01,3.456330310e-01,7.446216436e+00,5.428679212e-01,1.005576915e+03,1.903557166e+05,17
1.443746690e-01,3.495614736e-01,7.858664831e+00,2.655975410e+00,9.935782943e+02,-1.194955868e+05,12
1.691494145e-01,3.450064950e-01,8.204492293e+00,-1.521567568e+00,9.932592714e+02,-3.498823729e+05,15
1.896511515e-01,3.464281290e-01,6.556886202e+00,-2.001944460e+00,9.891379757e+02,-3.317792862e+05,15
2.123719055e-01,3.456460261e-01,8.956316079e+00,-1.927527053e+00,9.906484541e+02,-4.753644632e+05,16
2.336956028e-01,3.466815002e-01,6.802693861e+00,-1.492740558e+00,9.931208351e+02,-4.333950824e+05,16
2.561419354e-01,3.470295071e-01,9.849991354e+00,-7.501287172e-01,9.870881554e+02,-4.694194958e+05,16
2.772376869e-01,3.473167632e-01,8.528707234e+00,-3.622425011e-01,9.895893436e+02,-5.674311839e+05,15
3.000682489e-01,3.498179556e-01,1.002404082e+01,1.627401182e+00,9.964017552e+02,-1.586641198e+05,15
3.196597521e-01,3.466505798e-01,1.163762956e+01,-8.773637585e-01,9.905898950e+02,-4.858133546e+05,15
3.433215283e-01,3.564413701e-01,8.612429173e+00,3.550436485e+00,9.977151352e+02,-1.058268475e+05,17
3.627585198e-01,3.489171354e-01,1.592196269e+01,1.598091352e+00,9.873621529e+02,-3.613447908e+05,15
3.851700822e-01,3.624980979e-01,9.687316217e+00,2.823426898e+00,9.923319082e+02,-4.052855295e+05,10
9.197571647e-07,3.920351472e-01,-3.580242835e-01,1.265013149e+00,1.003307439e+03,1.468258469e+06,12
8.551286025e-02,3.639344985e-01,1.144511640e+01,1.884952402e-01,9.944198457e+02,5.459471195e+05,15
9.752046010e-02,3.674206346e-01,1.119388796e+01,1.246656608e+00,9.809810458e+02,2.472348956e+05,15
1.229787060e-01,3.627492360e-01,7.341385666e+00,-2.710086356e+00,9.956594339e+02,-2.510473729e+05,16
1.430981694e-01,3.633658164e-01,5.702683053e+00,-3.543971846e+00,9.987998421e+02,3.889803734e+03,13
1.681518556e-01,3.639797318e-01,7.570981925e+00,-1.380297794e+00,9.902094315e+02,-4.784543627e+05,12
1.896158548e-01,3.673698991e-01,5.987444537e+00,6.185251548e-01,9.988801633e+02,-4.217014016e+04,12
2.132103116e-01,3.646875171e-01,9.494743198e+00,-4.831790135e-01,9.858678036e+02,-5.839810151e+05,13
2.353352784e-01,3.681442574e-01,7.129754254e+00,-6.798195166e-02,9.865206480e+02,-4.494778617e+05,14
2.573724874e-01,3.641150796e-01,1.051936281e+01,-9.407954762e-01,9.948495092e+02,-3.461739157e+05,14
2.800363685e-01,3.684980009e-01,8.823264938e+00,-1.422234294e+00,9.883952605e+02,-5.480787016e+05,15
3.011311707e-01,3.630973569e-01,1.074000435e+01,-1.914047544e+00,9.902390170e+02,-3.801291264e+05,15
3.237582995e-01,3.712192958e-01,1.137327895e+01,1.752726496e-01,9.895530645e+02,-4.863715056e+05,14
3.437122564e-01,3.568923667e-01,9.391560660e+00,-5.994662730e+00,9.946304104e+02,-1.739146216e+05,17
3.736862360e-01,3.685735100e-01,2.579701473e+01,-4.887463779e+00,1.011872536e+03,5.097506030e+05,12
3.848094296e-01,3.480710536e-01,7.591691819e+00,-7.517944251e+00,1.001239576e+03,-2.600800852e+05,11
1.526822179e-06,4.204832017e-01,-2.973177821e-01,3.541400440e+00,1.003154996e+03,1.232006335e+06,13
8.298968974e-02,3.828711034e-01,7.964052147e+00,-3.592169036e-01,9.821341071e+02,1.463671535e+05,16
9.947844900e-02,3.818728184e-01,1.036598736e+01,-2.684887141e+00,9.785129066e+02,-1.475284641e+04,15
1.287667924e-01,3.833111585e-01,7.625100191e+00,-8.952621524e-02,1.013764192e+03,5.651660637e+05,14
1.449487933e-01,3.862729948e-01,7.232886727e+00,7.980723476e-01,9.793101657e+02,-4.264368599e+05,14
1.701437571e-01,3.819982043e-01,8.740618810e+00,-2.764516535e+00,9.980740602e+02,-1.886596538e+05,15
1.897072064e-01,3.829069883e-01,5.874314828e+00,-3.558672081e+00,9.885860053e+02,-3.232493112e+05,15
2.129334203e-01,3.828824023e-01,9.810907525e+00,-2.610357504e+00,9.906855090e+02,-3.784045295e+05,16
2.326451250e-01,3.840942426e-01,5.539050201e+00,-2.147211878e+00,1.003999186e+03,-8.580023132e+04,16
2.566164453e-01,3.838225164e-01,1.071304438e+01,-2.512095987e+00,9.814972358e+02,-5.790094576e+05,16
2.765418156e-01,3.849193581e-01,7.848031735e+00,-1.686634955e+00,1.001450209e+03,-2.096828117e+05,16
3.007677661e-01,3.880848015e-01,1.012748614e+01,1.620763563e+00,9.901204480e+02,-2.967264100e+05,16
3.204957449e-01,3.840334136e-01,1.198647537e+01,-2.721087904e+00,1.001392398e+03,-1.551154845e+05,14
3.447982816e-01,3.960113095e-01,8.705644886e+00,4.046755501e+00,9.908088799e+02,-3.214758153e+05,17
3.662503406e-01,3.864355642e-01,1.826000947e+01,3.102018106e+00,1.000804784e+03,1.711332194e+05,13
3.852668082e-01,4.004149161e-01,6.898934261e+00,-3.938628293e+00,9.947878272e+02,-3.307503346e+05,11
5.210077844e-02,4.466081889e-01,2.094880063e+01,-1.007365060e+01,1.294561770e+03,7.730010314e+06,14
8.658394726e-02,4.016146068e-01,1.178663576e+01,-8.502361624e-02,1.030764118e+03,6.376045073e+05,13
9.576389575e-02,4.041828019e-01,8.984414038e+00,-2.069929140e+00,1.029561149e+03,4.219533952e+05,16
1.212156627e-01,3.977320934e-01,6.586114714e+00,-1.720784239e+00,9.830178068e+02,-4.985795576e+05,15
1.425278517e-01,4.012457465e-01,4.254698826e+00,-4.195459891e+00,9.981245596e+02,1.940395405e+05,12
1.706606120e-01,4.004859445e-01,9.138845992e+00,-8.680796018e-01,9.983410620e+02,-3.611566520e+05,12
1.894797704e-01,4.064296311e-01,4.541258233e+00,3.363508316e-01,9.956231102e+02,-1.100756358e+05,14
2.162861197e-01,4.015644643e-01,1.192979035e+01,-9.390899441e-01,9.884986005e+02,-5.490230481e+05,15
2.360911229e-01,4.074612488e-01,6.238293723e+00,-1.248978575e-01,9.794576694e+02,-6.107882520e+05,14
2.596610096e-01,4.012555157e-01,1.177606392e+01,-9.155781202e-01,1.000291829e+03,-1.905669701e+05,15
2.808389632e-01,4.076254326e-01,8.472766941e+00,-1.462746874e+00,9.840973294e+02,-6.032769054e+05,15
3.028335605e-01,4.001155522e-01,1.147709577e+01,-2.216886212e+00,9.919770323e+02,-3.839564963e+05,15
3.232440574e-01,4.121634905e-01,1.070783350e+01,1.584762024e+00,9.972048948e+02,-2.502877524e+05,15
3.452292853e-01,3.937503281e-01,9.679083226e+00,-3.920676297e+00,9.870527204e+02,-3.941316027e+05,17
3.672358049e-01,4.084188164e-01,1.667711298e+01,-3.825130492e+00,1.010688311e+03,2.228900568e+05,13
3.848441628e-01,3.892549669e-01,6.275404580e+00,7.838163881e-01,9.911160638e+02,-4.073019318e+05,9
1.859068495e-06,4.726415427e-01,-2.640931505e-01,-8.947006518e-01,1.002897955e+03,1.084090573e+06,11
8.183839733e-02,4.225778770e-01,4.923682740e+00,2.293277093e+00,1.054419630e+03,6.761452643e+04,16
9.865711574e-02,4.202375932e-01,9.133265048e+00,-2.918433930e+00,1.078727210e+03,2.629476732e+05,15
1.299815804e-01,4.186469885e-01,8.156442206e+00,-4.367460680e+00,9.926838622e+02,2.764240882e+05,13
1.483674007e-01,4.214787448e-01,9.459756823e+00,-1.376090701e+00,9.827286770e+02,-2.011552765e+05,13
1.690592028e-01,4.202583738e-01,8.938057354e+00,-5.132964604e+00,9.908911198e+02,-3.433837389e+05,17
1.910847988e-01,4.191025531e-01,7.886156878e+00,-2.858891630e+00,9.970451108e+02,1.023571829e+04,14
2.127806639e-01,4.216596394e-01,9.678235773e+00,-2.274988823e+00,9.865898217e+02,-4.713091061e+05,15
2.311594411e-01,4.215264790e-01,5.398776127e+00,-1.945670436e+00,1.019003983e+03,4.444357680e+05,15
2.570730567e-01,4.205100078e-01,1.151852077e+01,-4.511652048e+00,9.824134897e+02,-5.416476845e+05,16
2.758424875e-01,4.221655416e-01,7.781215458e+00,-2.845758155e+00,1.009175605e+03,7.896183628e+04,15
3.017850145e-01,4.269431355e-01,1.012723732e+01,1.359305775e+00,9.970037915e+02,-1.626127307e+05,13
3.216931718e-01,4.199561564e-01,1.056131418e+01,-4.284373760e+00,9.953514454e+02,-2.505242444e+05,13
3.506283679e-01,4.360859835e-01,1.310206043e+01,2.881917150e+00,1.008012119e+03,2.009639943e+05,16
3.783220339e-01,4.234487274e-01,2.647664682e+01,9.403886846e-01,9.896176974e+02,-5.784887590e+04,12
3.883679754e-01,4.391796055e-01,8.525101860e+00,-3.026746790e-01,1.005105449e+03,2.073430940e+05,11
8.979029931e-02,5.151481836e-01,2.969485810e+01,-6.553650952e+00,1.618738612e+03,1.377399533e+06,13
8.469399749e-02,4.408658402e-01,1.219718899e+01,3.446111892e+00,9.810233570e+02,2.694944931e+05,15
9.752328343e-02,4.355799935e-01,3.699438139e+00,-9.064055872e+00,1.048170575e+03,5.456185870e+05,16
1.278461648e-01,4.326008051e-01,1.335502220e+01,-2.179953613e+00,9.875458816e+02,-4.207486470e+05,15
1.424217751e-01,4.389790568e-01,3.162689146e+00,-5.226248550e+00,1.014161124e+03,3.171602534e+05,11
1.763028044e-01,4.372086917e-01,1.058403506e+01,-2.704375759e+00,1.011719606e+03,7.758625227e+04,13
1.907156793e-01,4.450782019e-01,3.421736673e+00,-1.644991046e+00,9.684905080e+02,-8.470548326e+05,13
2.188974002e-01,4.396488956e-01,1.220243071e+01,-1.955425377e+00,9.851263447e+02,-5.278626913e+05,16
2.375366453e-01,4.472461638e-01,5.696063852e+00,-2.367155904e-01,9.793288183e+02,-9.187002771e+05,14
2.607015573e-01,4.386094505e-01,1.011429105e+01,-9.383939994e-01,9.982493239e+02,-1.624088722e+05,15
2.817438977e-01,4.472031939e-01,7.103095375e+00,-1.636911763e+00,9.831422752e+02,-7.700883828e+05,15
3.034319885e-01,4.373917291e-01,1.063562158e+01,-8.373798059e-01,9.926361649e+02,-2.130986274e+05,13
3.225577788e-01,4.522171064e-01,9.683639872e+00,1.198599389e+00,1.000719905e+03,-1.860875876e+05,15
3.504999466e-01,4.284458898e-01,1.563757466e+01,-3.574713638e+00,9.922513074e+02,-3.055087892e+05,16
3.604167548e-01,4.440786124e-01,7.601284976e+00,-6.242932905e+00,9.961398741e+02,-2.296666976e+05,13
3.873345793e-01,4.345502645e-01,7.730173188e+00,5.906983048e+00,1.004821297e+03,2.611189363e+05,10
1.756127152e-06,5.085266591e-01,-2.743872848e-01,8.136000075e-01,1.002769684e+03,1.122967024e+06,13
7.587979116e-02,4.650468791e-01,8.084628714e+00,1.116979805e+01,8.423938918e+02,-8.155283690e+05,15
9.951477914e-02,4.565555662e-01,9.891007453e+00,-6.192904079e+00,8.480696824e+02,4.510728523e+05,13
1.286915177e-01,4.650065682e-01,1.324133008e+01,1.112635076e+00,1.018961768e+03,-7.859355948e+05,14
1.523673191e-01,4.554146512e-01,1.314741543e+01,-6.696775306e+00,9.849476252e+02,-1.197276620e+06,13
1.727394048e-01,4.623128390e-01,1.133055019e+01,-1.308378184e+00,9.716808449e+02,-5.464726798e+05,14
1.859865573e-01,4.591539449e-01,4.215395110e+00,-2.507861086e+00,1.018382802e+03,8.819772129e+05,13
2.169536107e-01,4.627115023e-01,1.410086305e+01,8.558697317e-01,9.776513298e+02,-4.547284888e+05,15
2.269476913e-01,4.601216482e-01,5.020546515e+00,-2.653938823e+00,1.030714143e+03,7.873372839e+05,14
2.598625012e-01,4.574787223e-01,1.365075200e+01,-6.194048244e+00,9.891128447e+02,-2.956792071e+05,14
2.742234044e-01,4.593699937e-01,9.320995752e+00,-3.455576851e+00,1.012731040e+03,3.441241247e+05,14
3.052152517e-01,4.669207926e-01,1.235687122e+01,1.152461339e+00,9.957663486e+02,-1.701478380e+05,12
3.215752247e-01,4.531723088e-01,9.047597924e+00,-4.148282045e+00,1.003811434e+03,2.788748853e+03,15
3.583582602e-01,4.768827054e-01,1.615307240e+01,-3.793294545e-01,9.886074870e+02,-4.005696732e+05,15
3.846497789e-01,4.568533577e-01,2.871931163e+01,-6.385638065e+00,9.848667803e+02,-4.114629029e+05,13
4.053123990e-01,4.823630438e-01,1.440998813e+01,-5.871330084e-01,1.003183706e+03,-4.533289527e+05,6
2.859326707e-02,5.427064815e-01,2.236834413e+01,-6.108008272e+00,1.270589376e+03,7.302923293e+06,19
9.232284401e-02,4.771041554e-01,5.958916972e+00,-7.368836591e+00,7.382178448e+02,6.811677899e+05,15
1.012217089e-01,4.627140312e-01,9.211795409e+00,-1.284307877e+01,7.751425586e+02,1.311604120e+04,16
1.392500098e-01,4.660054752e-01,5.220409520e+00,-2.392784421e+00,1.132709981e+03,2.354878877e+06,13
1.423508859e-01,4.792993847e-01,1.831134443e+00,-5.623792235e+00,9.785864368e+02,-5.594210400e+05,12
1.803459870e-01,4.806712270e-01,1.165234411e+01,-5.583800803e+00,9.860299168e+02,-4.074410612e+05,17
1.954976320e-01,4.820306244e-01,9.966496898e+00,-1.522694728e+00,9.951001028e+02,-4.808066576e+05,15
2.199510343e-01,4.809901010e-01,9.386850655e+00,-2.846979381e+00,9.832692790e+02,-5.908405639e+05,14
2.389833337e-01,4.910457197e-01,1.034441663e+01,3.654993372e+00,9.935218891e+02,-4.923882376e+05,15
2.641650557e-01,4.776927352e-01,1.373831542e+01,-1.986569373e+00,9.926099833e+02,-4.685480385e+05,14
2.787469411e-01,4.904051283e-01,5.617536506e+00,2.098530030e+00,9.869290196e+02,-5.552128105e+05,15
3.062895960e-01,4.763501150e-01,1.503191931e+01,2.281892254e+00,1.003167190e+03,1.810125718e+05,13
3.225478969e-01,4.916663874e-01,7.113555705e+00,3.692358574e+00,9.948865115e+02,-2.887099755e+05,13
3.588007392e-01,4.716821022e-01,1.682934320e+01,3.036447303e+00,9.856516632e+02,-3.233997326e+05,16
3.728414554e-01,4.685360840e-01,1.465305704e+01,-5.605665062e+00,1.026656294e+03,9.519784237e+05,13
3.929964319e-01,4.745090846e-01,1.145327288e+01,8.414027990e+00,9.869391056e+02,-2.314229849e+05,11
1.538780734e-06,5.445384266e-01,-2.961219266e-01,2.877120781e-01,9.331439772e+02,-5.787144807e+05,14
9.758746275e-02,4.906989423e-01,8.785400099e+00,-8.268231808e+00,1.424366749e+03,7.007154757e+05,13
1.009010862e-01,5.035451893e-01,5.828230974e+00,-2.069845995e+00,1.950181419e+03,1.124783740e+06,14
1.438467500e-01,5.008159440e-01,1.760144176e+01,-9.558223733e+00,8.123430415e+02,5.593362736e+05,14
1.505305389e-01,5.060776220e-01,1.247988270e+01,-2.723793299e+00,8.414887456e+02,-1.138084662e+05,13
1.733154489e-01,5.063829508e-01,1.291090417e+01,2.408473730e+00,1.023680515e+03,8.199697183e+04,16
1.886523811e-01,5.028803038e-01,7.885290131e+00,-7.349794074e+00,1.028006012e+03,2.313558920e+05,15
2.113766411e-01,5.068772920e-01,8.978273215e+00,-5.230446028e-02,9.934079797e+02,-1.234772725e+05,16
2.261940538e-01,5.009323855e-01,5.871566962e+00,-7.183598038e+00,1.008144962e+03,4.063136073e+05,16
2.552015514e-01,4.974790710e-01,7.368364408e+00,-8.312351531e+00,9.903467319e+02,-2.396187158e+05,14
2.701926800e-01,4.990934828e-01,9.584385632e+00,-4.590708634e+00,1.021623816e+03,7.811002475e+05,15
3.035870922e-01,5.014610355e-01,1.269920313e+01,3.162533964e+00,1.006817503e+03,-8.304718334e+03,11
3.214932900e-01,4.897731166e-01,7.740415643e+00,-4.571821487e+00,9.939562482e+02,-9.388996189e+04,13
3.565576718e-01,5.040346132e-01,1.740836852e+01,-4.048577716e+00,1.017173853e+03,7.013584803e+05,13
3.853218829e-01,5.154119043e-01,1.368022711e+01,6.574391315e+00,9.895822098e+02,-1.458120262e+06,12
3.850025660e-01,4.991932441e-01,1.002490084e+01,-2.631759266e+00,1.002736894e+03,-7.309219326e+04,13
1.478064606e-06,5.766375940e-01,-3.021935394e-01,-2.614895746e+00,9.991690184e+02,1.029590642e+06,14
8.850493678e-02,5.182235064e-01,1.940541511e+00,-1.092610636e+01,1.468876210e+03,1.258334889e+06,15
1.150287432e-01,5.034103546e-01,1.647425485e+01,-1.066866144e+01,1.557478534e+03,7.327464027e+05,17
1.301788941e-01,5.053971236e-01,1.224454890e+01,-1.530846314e+01,7.375257994e+02,2.380796660e+04,16
1.485217214e-01,5.287765944e-01,3.400697300e+00,3.345483049e+00,9.814067314e+02,3.133018090e+05,14
1.730246641e-01,5.185506142e-01,5.332033577e+00,-9.762980961e+00,1.010352673e+03,1.879470653e+05,17
1.946920322e-01,5.226801490e-01,1.166691326e+01,-7.901287309e+00,1.017998341e+03,2.517093654e+05,15
2.154325545e-01,5.197737224e-01,5.961312256e+00,-1.073296176e+01,9.927340315e+02,1.311195028e+05,17
2.370863195e-01,5.285334496e-01,1.674457756e+01,-4.999372524e+00,9.985062208e+02,2.239389011e+05,17
2.600758759e-01,5.231955665e-01,5.921852176e+00,-4.755197523e+00,9.901101051e+02,-3.316480203e+05,17
2.746223958e-01,5.285316164e-01,1.981185506e+01,-4.093699676e+00,1.007711254e+03,7.721979948e+05,15
3.073859223e-01,5.279507236e-01,1.597630371e+01,3.104424514e+00,1.002063376e+03,-1.206240680e+05,12
2.941769078e-01,5.123521143e-01,3.253650963e+00,-2.632336775e+00,9.906456613e+02,-6.001509777e+05,14
3.536974212e-01,5.047921538e-01,9.901959375e+00,-4.369691367e+00,9.871668972e+02,-1.883484616e+05,12
3.594049684e-01,5.184212236e-01,1.410389891e+01,6.120685976e+00,9.971517347e+02,6.182030300e+04,10
3.975913453e-01,4.922215605e-01,7.417129666e+00,-6.650059184e+00,1.000472552e+03,3.319199496e+05,9
2.141473216e-06,5.999974330e-01,-1.572751445e-01,1.290624211e-01,9.972623469e+02,-1.617353466e+05,10
2.350404436e-02,5.999988436e-01,1.902721052e+00,3.343640508e-01,1.003568685e+03,1.167396567e+06,13
5.320573205e-02,5.999987106e-01,-2.167171658e+00,3.210617649e-01,9.800038959e+02,6.915695897e+05,13
7.553653422e-02,5.724940998e-01,1.780703471e+01,-1.525492158e+01,1.305644596e+03,7.930104789e+06,17
9.457436165e-02,5.999982008e-01,2.888358173e+00,2.700797174e-01,9.658699094e+02,2.373518604e+05,13
9.853350095e-02,5.172903028e-01,1.861076917e+01,-3.007539535e+01,1.747490815e+03,1.011987188e+06,14
1.384852586e-01,5.999982465e-01,-1.409977073e+00,2.746456916e-01,1.003555867e+03,1.137576071e+06,13
1.724633363e-01,5.999983676e-01,-2.163490101e-02,2.867595805e-01,1.003459192e+03,1.177189264e+06,12
2.063580371e-01,5.999984131e-01,-4.945682301e-02,2.913060757e-01,1.003684656e+03,1.198179599e+06,12
2.400652488e-01,5.999983758e-01,9.123882479e-01,2.875817171e-01,1.004058201e+03,1.192227538e+06,15
2.778315283e-01,5.999982746e-01,-4.706648291e-01,2.774645116e-01,1.003882466e+03,1.148489323e+06,13
3.137679862e-01,5.999981667e-01,8.217871709e-01,2.666720411e-01,1.003433725e+03,1.097112846e+06,11
3.640835825e-01,5.692850356e-01,-2.021889195e+01,-1.796176135e+01,1.356426152e+03,8.571090271e+06,14
3.999228129e-01,5.999955000e-01,9.281345000e-01,0.000000000e+00,1.003855524e+03,1.102298651e+06,13
5.028322779e-01,5.999955000e-01,2.237735166e-01,0.000000000e+00,1.003752349e+03,1.091397495e+06,11
6.285018038e-01,5.475128913e-01,7.908714439e+01,1.026772941e+01,1.124856971e+03,4.812452735e+06,11
